resource_state,athlete,name,distance,moving_time,elapsed_time,total_elevation_gain,type,sport_type,workout_type,id,start_date,start_date_local,timezone,utc_offset,location_city,location_state,location_country,achievement_count,kudos_count,comment_count,athlete_count,photo_count,map,trainer,commute,manual,private,visibility,flagged,gear_id,start_latlng,end_latlng,average_speed,max_speed,has_heartrate,heartrate_opt_out,display_hide_heartrate_option,elev_high,elev_low,upload_id,upload_id_str,external_id,from_accepted_tag,pr_count,total_photo_count,has_kudoed
2,"{'id': 61462649, 'resource_state': 1}",Afternoon Run,4996.3,2001,2920,35.4,Run,Run,0,14420005939,2025-05-08T20:43:00Z,2025-05-08T16:43:00Z,(GMT-05:00) America/New_York,-14400.0,,,,0,0,0,1,0,"{'id': 'a14420005939', 'summary_polyline': 'wyhoFlmlaOlALvAFH?DIDoEH_A@gAF{@AwAFg@JmDDiBAaABMF{@K_B?]CS?II]I_AY{Aa@uAAMGOMu@OgAQ}BEqA@w@F{B@uADsBBM?{@CcBKmBEoBGw@O{@GUQ[BKJI@MKY_@i@e@c@k@Yg@O}@I_AIEBKCWFS?GAEE?EFMHw@`@aB@UIiC@_ACe@AKEI]??JSJm@j@WN[HSBi@Es@QOIkAkA_@UuAY{@_@a@]U_@Yi@WsAEa@?sALiAn@kC?IDQB_@\\_D@W?AE?IJO^UbC?JeBlUFBD?RGLIJFFJCROXGh@?LJh@FLDh@Rv@F@j@KD@P?LDP?j@VlBh@l@\\`A|@ZPn@Pf@ARCVKLKb@GGC@GFSFo@d@uBCcAGy@@cAEy@CzBLtBk@zBAf@EP@XDBJERBf@EFDd@?x@Hn@Jp@\\\\Vb@f@^p@DPHJH\\PbAFj@FtBBH@~AH|AKzEAdAIdD?h@HlACHZlCNp@B`@N^\\zA@TJ^\\jCLnCAL@bAGtA@v@EdAGh@ApA@NI@QGE@GL@F?x@Cz@?j@K`BEJDz@MrDIBIGwAIi@Ag@G', 'resource_state': 2}",False,False,False,False,everyone,False,,"[39.371962, -84.282627]","[39.372011, -84.282627]",2.497,3.32,False,False,False,229.8,200.9,15385426853,15385426853,stripped_DE299D07-461C-4E1D-BA74-7A9901152ED0-activity.fit,False,0,0,False
2,"{'id': 61462649, 'resource_state': 1}",Evening Run,3312.9,1378,1415,22.6,Run,Run,0,14389236594,2025-05-05T22:10:11Z,2025-05-05T18:10:11Z,(GMT-05:00) America/New_York,-14400.0,,,,0,0,0,1,0,"{'id': 'a14389236594', 'summary_polyline': 'wyhoFjmlaO^PN?DCPDvAHFCBGNe@HcA?sACSDKDaBFc@ByBDa@JeFD}@?aACQBOIw@@i@KyAES@KISAUQiAA]e@}AEa@EI@WKi@KYASGOOoBEy@?_A?a@Fm@@eCLeDAcBGoBEQ@MGU@KCcAIeBQs@Qa@LYGa@OO]EGM_BaAGQI?OGYEaAEICSAWDa@??CLg@AKD_@RaAJ[DS?IGF?Na@|AE^?VETALBBFBJENAFFJCH?FEd@HFCPDVCl@Jx@Zj@`@p@x@HRANUR?FNJZdBDd@?ZBbAHfA?j@BL?ZBFATBn@S|G?v@Cj@?lADt@ARBJD@RKFH?RDTAJZfCHVANP^@HTv@N|@DPPfAR`CAp@FrBGjB?x@MtB?`A[?IDAF@j@ErB@JEhAIn@@TAnAEpBCHE@OCWAq@GkAE', 'resource_state': 2}",False,False,False,False,everyone,False,,"[39.371968, -84.28262]","[39.371934, -84.28267]",2.404,3.87,False,False,False,229.8,210.8,15353178600,15353178600,stripped_018F8C3F-3C58-4D0B-A5A8-524D891DB764-activity.fit,False,0,0,False
2,"{'id': 61462649, 'resource_state': 1}",Afternoon Run,4079.4,1734,1929,25.4,Run,Run,0,14169028302,2025-04-13T18:40:33Z,2025-04-13T14:40:33Z,(GMT-05:00) America/New_York,-14400.0,,,,0,1,0,1,0,"{'id': 'a14169028302', 'summary_polyline': 'oyhoFnmlaO\\BFAPBhBBBB@QFSDa@DoB@AEe@JgAFcEDe@FwBL{C?cDMwBCQ?KI]@KSeAMy@a@}AAMKWSmAYuDEaABy@?kAF_A?aALmDC{AKgBAs@QgDIa@Yu@@GJO?KIW_@o@q@k@}@c@{@K_ACOC_@?ID]AAGJ_@Di@Hg@LYJg@@SIcC?aAGgG@iCDcA?u@GuBBkBGP@ZEf@DjA@tBEp@@tABzAA\\?~BFlAC~@JzCk@vBCBEp@?VFDVE^BLEND~@Df@Fr@Rj@Zt@v@LNHRFFTx@Nt@Hn@RpFBzAAfBQtGApBH~@ABEEWJ@l@VfCXtA\\rAZrAVzBJzA@zBCT@j@Ax@CTIlDGbA?h@KtDEt@@^GxA?j@Ef@GHyAE_@Ea@?SI', 'resource_state': 2}",False,False,False,False,everyone,False,,"[39.371923, -84.282633]","[39.371995, -84.282598]",2.353,5.96,False,False,False,229.8,208.8,15122669089,15122669089,stripped_0514D46B-58F2-46E4-AC65-B3AE9A9F4303-activity.fit,False,0,0,False
2,"{'id': 61462649, 'resource_state': 1}",Afternoon Run,3226.4,1347,1413,23.3,Run,Run,0,14159494995,2025-04-12T20:56:10Z,2025-04-12T16:56:10Z,(GMT-05:00) America/New_York,-14400.0,,,,0,1,0,1,0,"{'id': 'a14159494995', 'summary_polyline': '_zhoFlmlaOLFr@Fb@?fAHFCFSD]FmA@gAAMBSDwADo@?uBBIBk@By@FoA?mAHy@AWBQES@WAkBGgAMw@AQMeAi@gCCIMQ@QQ{@Ik@OsAIaAG{AHcC?qAFcADiCCsCEm@BSCo@GUGeBSoAWw@Fk@AEYi@]]a@[_@QcAUc@Eo@CEAM@Q?QDECQ@CC@IDIBg@F_@ZyA[~@G^IbABLNDd@BFCHDvAF\\FZHx@`@`@^r@`AVv@\\|ARbFFdCQhKEv@Fz@@r@N|BLz@HZ?FRf@Px@F`@FRJdAXrBDhCFrACREdA@lAIbAApACDUFEH@JCNK`FETKzECHULm@BqBKO?B@', 'resource_state': 2}",False,False,False,False,everyone,False,,"[39.372005, -84.28263]","[39.372058, -84.282647]",2.395,3.5,False,False,False,229.8,210.8,15112678461,15112678461,stripped_B4ADE4F3-9DD2-4F9A-BE92-76D5F65CE91F-activity.fit,False,0,0,False
2,"{'id': 61462649, 'resource_state': 1}",Afternoon Run,2502.8,968,1186,8.2,Run,Run,0,14129200396,2025-04-09T17:24:02Z,2025-04-09T13:24:02Z,(GMT-05:00) America/New_York,-14400.0,,,,0,0,0,1,0,"{'id': 'a14129200396', 'summary_polyline': 'cndsFfpsyNP?@CB`@DPGfAFf@CPOF[F_AZUFOTMBO?EFCb@@dDGrAMn@F|@EF@F@pAU`AGvCFt@AFEB?IB@GF@d@ERJ|@Mx@Av@MtACHD|AA`@DHb@FDz@GZBJC`@g@l@@EB@Ap@Dt@Cn@MlBCpAMl@B`BAh@CX@l@IvA@x@E|B@z@ClB@JCRBr@K~A?~@BH@EE_@?q@DeCFS@kAAaDHiH?q@DqA?{@FmCCiAH[DkAAW@mBHa@AKBGT@?CDC@UCm@Ig@EoAEKBSCUC_AJg@XYJUEi@Dg@KKE?C@AEAi@Du@?u@GaAR[?SBECYJ_@AYBSKe@ISG_@@c@DIAA', 'resource_state': 2}",False,False,False,False,everyone,False,,"[40.004987, -83.008193]","[40.005926, -83.010711]",2.586,6.72,False,False,False,235.2,224.0,15080997601,15080997601,stripped_80981AAD-5C03-4D1F-AE53-348BC11045D6-activity.fit,False,0,0,False
2,"{'id': 61462649, 'resource_state': 1}",Lunch Run,1662.8,631,725,9.7,Run,Run,0,13733940367,2025-02-26T16:51:47Z,2025-02-26T11:51:47Z,(GMT-05:00) America/New_York,-18000.0,,,,0,0,0,1,0,"{'id': 'a13733940367', 'summary_polyline': 'qmdsFxosyNO@CVBLJHDd@Cd@DV?TAHGHIDg@FKHcBVED?NB?QPAD?n@Ex@BJUrBDH?RCt@Ej@?h@E`BD^?h@Ef@CvACTEH?JDNCJ?NCF?^CPBRGTLV?FI\\AxBEz@@RE`@ABCA@d@Ct@BRDBAHEBCH@I?BFDGNEVBBDA@FA[DOAIJIDQASBSCECA?G@EHCDc@A]Gk@AiABm@BUEcABQHM@KG[@UAMD]@k@La@BABJJDDOIOA[I]?o@Es@H_AGAB_@EKJYK]FOFEDMEGBKEo@DQ?ODU@UKo@@E?w@BIEu@@o@BGCMDK`@I`@Od@IXCR?RMDIDU?OCCBE?MBCHB@MG]?_@', 'resource_state': 2}",False,False,False,False,everyone,False,,"[40.004894, -83.008124]","[40.004852, -83.008144]",2.635,4.56,False,False,False,235.6,225.4,14656944848,14656944848,stripped_B925C12B-8183-4D6F-AE50-D97996C8EE8A-activity.fit,False,0,0,False
2,"{'id': 61462649, 'resource_state': 1}",Morning Run,1868.9,743,1014,9.3,Run,Run,0,12677462429,2024-10-17T13:29:10Z,2024-10-17T09:29:10Z,(GMT-05:00) America/New_York,-14400.0,,,,0,2,0,1,0,"{'id': 'a12677462429', 'summary_polyline': 'kmdsFfosyNKA?NCRFXEjBFZAPy@VABG@c@T]Fi@BCRB@BAC@@EGNKxBFCBDGR?f@G^Al@GBGP@NGn@?PEd@@J?\\JXCJ@HIRA`BGbBChDDn@Mt@KvCB`CAx@F^CLCOB_AAODa@AI@KB[DGBa@AWDo@BMAc@H[@SCo@B[BA@m@BABU?g@H{@D}@?SEa@C{A@g@FYAIFm@CaAHO?kAAo@CE@KAaADQEi@BMDC@GAOSMJCHBBJFBBG@@@AHDRC`@g@TMN?VKBG?KDIAUHYA_@H{@Hq@DICHK|@BNRUx@oAD@FHPBG@JBFAp@Pu@a@AGB]FA?CBDABa@S@A', 'resource_state': 2}",False,False,False,False,everyone,False,,"[40.00486548990011, -83.00803078338504]","[40.00438277609646, -83.00779198296368]",2.515,9.134,False,False,False,235.1,225.4,13516474233,13516474233,stripped_60DB153A-8069-413C-B46C-5C8E3D389C90-activity.fit,False,0,0,False
2,"{'id': 61462649, 'resource_state': 1}",Morning Run,2427.5,968,1070,11.1,Run,Run,0,12255350328,2024-08-27T13:34:58Z,2024-08-27T09:34:58Z,(GMT-05:00) America/New_York,-14400.0,,,,0,1,0,1,0,"{'id': 'a12255350328', 'summary_polyline': 'kmdsFfpsyNDRCHEAAJGbA?v@DTCFMBQL[LE?CCMJMEGEYLI?OF?AG?ID@JEFGBI`@?hAGn@BZE\\O\\BH@l@?zA@HAl@@RCX@t@IR@zACP?r@EHBlA?tACjAQjA@TGLDl@EZ@VC`@?rAEh@BT?PA@FXABCCD@DR?NEH@JGRAN@nAGdCA|AElAHN?DENE^CpID}@AQ@aAAoAEa@BG@s@DY@]Co@DgAAG?c@F}@@qCHgA?yB@SASDQEO?SJY@OCEBMIi@@MEg@Do@?YF[FgAA[ACAM@MCW?e@JiACIBEAK?IB@?CEQ@SAKDU?wAFk@AUBI?KFE@k@DADBDIAQ@WEe@EI@GIcBEOACABBBKSBW@w@CGBWGOEIPMBQFSH?TGJ@PAPEBCLAL?H@PAP@REVAJCDICEA@DFH@@c@Jc@Ik@Ac@', 'resource_state': 2}",False,False,False,False,everyone,False,,"[40.00486431643367, -83.00819858908653]","[40.004785023629665, -83.00851760432124]",2.508,4.834,False,False,False,235.3,224.0,13064425053,13064425053,stripped_05FA1C87-EF1D-4D71-95AC-800503D32F0A-activity.fit,False,0,0,False
2,"{'id': 61462649, 'resource_state': 1}",Morning Run,1629.6,560,623,9.5,Run,Run,0,12221587512,2024-08-23T12:49:26Z,2024-08-23T08:49:26Z,(GMT-05:00) America/New_York,-14400.0,,,,0,0,0,1,0,"{'id': 'a12221587512', 'summary_polyline': '_odsFnpsyNn@GCn@BLAH?NEN?\\Hn@GAAGO?EDIAOFY?IFI@UNAFQJK??CIDMCQRCJJf@?PAJEBAR?VCD?^ETBJCn@CT@\\AxAIfBDr@CNKxC@TGt@?xAG|@?TB?@^CDEPAPC??ND@BL@j@Gl@?PCHBj@BD@HGR?ZJj@EZIFAZC@CC@QEOBEGO?CNADMPGDIq@gBICc@]COKQ@SRO`@MFS?O\\MDENCPS?Ea@SGAIGGQEULo@Nc@MWIEB[GIAS^s@BAACLA@C@BFBAGFMUiAEGCQKO?_@CIBEBCE?@SEEAKDUHOBOAGOOBIAEB]CQB?ES?IECA@DGAGDEFmA?B?CC?D?@QJKGUH[P]F??GIg@BGCGCDQOBM', 'resource_state': 2}",False,False,False,False,everyone,False,,"[40.005127592012286, -83.00823546946049]","[40.006058318540454, -83.00946559756994]",2.91,7.922,False,False,False,235.5,225.4,13029234772,13029234772,stripped_D2D1229D-EB21-49CD-BB2F-86248E20C41B-activity.fit,False,0,0,False
2,"{'id': 61462649, 'resource_state': 1}",Morning Run,1863.5,724,972,9.1,Run,Run,0,12204586697,2024-08-21T12:35:05Z,2024-08-21T08:35:05Z,(GMT-05:00) America/New_York,-14400.0,,,,0,0,0,1,0,"{'id': 'a12204586697', 'summary_polyline': 'skdsF|nsyNaBb@F^Dr@BPFF?HGD@NLh@?LCBE?CGEDGBYBk@JU?M?EBI?EBS@GHCGGPCx@@PAx@C@?DAIMEGRBl@Hb@Ib@C^FjBEj@CnCKDBTDNCVGxDCHBp@CN?JA@@LIlBAlAAJBXELDr@Mt@@TFBDA@WAg@DCHBCEEi@@YEsAH{AAu@@ECi@Ds@AMJe@@a@BYBA@IBk@C}BD}@?m@Fy@?UGQFuA?}B?I?FCDIK?D@GCa@@SV{@^FV?FGBIPIV?`@GND@CEEDKZKLD@ECOCsADe@C]Bw@EBPt@XyAIh@DEF?HBDCz@\\@F@UFA@IFCIKHGKAE[GD', 'resource_state': 2}",False,False,False,False,everyone,False,,"[40.004585199058056, -83.00798920914531]","[40.0042909104377, -83.00789382308722]",2.574,6.69,False,False,False,235.3,225.9,13011592346,13011592346,stripped_8C104E30-369E-4AA4-99CC-6D8E4980E802-activity.fit,False,0,0,False
2,"{'id': 61462649, 'resource_state': 1}",Morning Run,1623.7,617,635,9.7,Run,Run,0,12196015112,2024-08-20T13:40:12Z,2024-08-20T09:40:12Z,(GMT-05:00) America/New_York,-14400.0,,,,0,1,0,1,0,"{'id': 'a12196015112', 'summary_polyline': '}mdsF|psyNFFCtAL|@APG@G?II[NK?MNQ@KH[@UJIAOBMNAp@FZ?^EFBZGXGRBf@@VGnA@j@EFF`@AP@XKB?FPX?NA^ERKVIzAA`BHTGtBShA@\\EN@l@Eb@GPALNN@HCT@JAHGFH`A?PAHCBFd@CD@JBIAc@?i@DOGs@DE?EGg@Dw@?qBFaA@w@F]As@Fk@A_@FWGMEAAQFW?yBDY?MF_@AUFW@g@Fw@Ea@@cA@MA]BeAE_ABQGWFOVEFEd@?DED?PDJGD?FD~@IRI@OGk@Bs@CY', 'resource_state': 2}",False,False,False,False,everyone,False,,"[40.00495375134051, -83.00830537453294]","[40.00486825592816, -83.0085494555533]",2.632,4.774,False,False,False,235.3,225.3,13002378628,13002378628,stripped_FCD4C956-D011-4823-8D8C-A7AD2C4120D1-activity.fit,False,0,0,False
2,"{'id': 61462649, 'resource_state': 1}",Evening Run,3262.7,1329,1465,37.9,Run,Run,0,11467174169,2024-05-21T22:58:37Z,2024-05-21T18:58:37Z,(GMT-05:00) America/New_York,-14400.0,,,,1,1,0,1,0,"{'id': 'a11467174169', 'summary_polyline': '_zhoFrmlaOLD@CZ@FDJ@NAJ@JEHDDC^FX?LBBA@BKR@lABTD@?VBTDPBXHZHVRXRLDJJd@NHZ`@b@PLHRBn@B`@GL@FCRAP@ZGl@GPALBHAZDTHr@ZJRXTn@lBDDFLHb@JRJt@HbA?P@TQjCEPCz@?p@CT@t@EV@b@AdBB\\E`@BDAj@CRFhBJh@JPBNVp@HZVf@@NR`@HH@RPb@?H^n@DZRh@?NKZ?RCJ?JEN@H?FCD@F[l@?HMZKr@?RAK\\yAP[Je@D]Bi@Ay@Eg@GUJt@Eb@@z@AJGF@d@IP?FCBC\\MJ@FON?HEHCp@DBLABIBo@DEH_@f@mAF_@?KD]Au@@II[Ai@MW@KAEIKCGMK?KSe@K]Ua@?KWi@@EAEYs@IICWGM?YEYAe@BYHIMk@@KA{@DQAi@F{@?[ACKAKKIOAKBWCE@q@BQAUBS@g@FOAKHiABw@COC{@Iu@Mg@]w@GEBBIc@Q_@I[_@i@ECAGu@a@QCCEGCa@?KBECOA[FCHC@CCi@@ODMCIBIHKEQ?[M]@KGa@GOQMGSYQQQUGSW_@AKUs@AM@]O_@?m@Ii@EEMBMGWBk@EEQOQs@C', 'resource_state': 2}",False,False,False,False,everyone,False,,"[39.372007325291634, -84.28265866823494]","[39.37199114821851, -84.28262824192643]",2.455,3.819,False,False,False,242.8,224.2,12243064755,12243064755,stripped_3B611628-6799-4542-991C-BBD18D8C3C86-activity.fit,False,0,0,False
2,"{'id': 61462649, 'resource_state': 1}",Morning Run,21659.2,7846,8706,196.3,Run,Run,0,11337995637,2024-05-05T10:38:02Z,2024-05-05T06:38:02Z,(GMT-05:00) America/New_York,-14400.0,,,,0,2,1,39,0,"{'id': 'a11337995637', 'summary_polyline': 'mwrmFjsybOm@AcAR_EtCuAtA{@FWiAm@kGKmCMq@SuDMw@MqCa@iC]eDC}AOs@MeLHgAIa@n@o@F_@{@_D?a@Ni@GMPe@hAaAp@qArC_DhB{AbCaDrIaIr@eAZ}@h@sDBaA?iBGa@iAkCIk@Zy@tB}B|@c@`BeBNB`ApAr@vA|CvHlBtDfCpFj@`Bd@`@v@fEDb@Ar@l@lBl@jAr@rCp@tGdBxTn@fGNzDr@dFDxAlAjMHpJEdHG\\[ZuGtDgE|Aq[|FwBt@_CjAkLnDOTCh@DpCLhAJEMxBFhBKfGc@vAm@t@e@DiGm@eELaEXILi@BILcDD]UCUTeEFuDCkEQkC]uA@iAWyE_@}CWiFQcAWaCE_BQ}AIqCS}@CcAIy@Mm@EcBi@mEJMEWYc@WaCKeANo@Wo@Di@O}@u@{JM_@AcAOm@?u@a@cBBw@e@kEQs@o@eA}IaHgDwBeFuCiG}BmDaBmA{@eD_EkAy@uCoAKQuDoA_CiA_AS{@m@EQiBy@gAeBCe@`@{@jCaCdAq@vA}AvA}BXiADaAI{@]iABa@l@]t@JfBOt@k@b@u@X{@@i@cAkCc@YgAYqBGkAc@{AyA}AoB_CwBkDoBiAsA@i@fAgBb@aBW{@oAkAc@iAk@Qi@Xm@pCk@bA]JiGkDKg@CuCWq@WWuA[kDUgHyAsBUyDG_AS_@Hq@GGOD}CIqBd@wIB}CgCgC{AaASWe@O]_Ac@UcAiAqBwAkAoAq@YgDmC[PId@W`D_@nGe@|BgCnIs@zC[d@Ux@c@f@a@~@_CpDyCrFeBhF_@jBGp@pAv@dEd@`L~A`LbChFnCbANx@t@jC~@rJnE`BlA~@\\~ExDjFl@DvCHZrEtErEnDbApAnF|ExAnBlAhAXD|BjBhAP~A~@xBv@vBhAT^VdAD|CU|CDZ~@x@|@n@dIhEP?nCdBf@|@PRv@dCp@vAhAfDpA~EdAnCHx@Mp@HP?b@R`@BlAJzAVlAn@~F^h@Gz@D`@@qAKcBS{A]gFMc@MkCS}BlA{@xDmGrDgIPIr@}ATm@Jw@`@UpD{HrCyFNMT}@v@yAd@qAh@[Fa@z@uAH_@PKzC~FxBlD|@tBzA`Cn@h@`As@\\@rD|AHXbAbAj@tAVJCd@XZl@|AnC~Ed@hBV~BBrJTdIb@jD|AhD', 'resource_state': 2}",False,False,False,False,everyone,False,,"[39.09511383622885, -84.5139798335731]","[39.095368310809135, -84.51231862418354]",2.761,6.188,False,False,False,255.8,147.9,12110094217,12110094217,stripped_BC78EEC3-3CD3-4A9D-8C1B-8044801C6055-activity.fit,False,0,0,False
2,"{'id': 61462649, 'resource_state': 1}",Evening Run,3220.3,1145,1290,39.9,Run,Run,0,11311121471,2024-05-01T21:38:46Z,2024-05-01T17:38:46Z,(GMT-05:00) America/New_York,-14400.0,,,,0,1,0,1,0,"{'id': 'a11311121471', 'summary_polyline': '_zhoFzmlaO`@APCDEl@@TB@BL@DDHAHDPA@HALBv@ARBPFX?HD`@HR@TFL@RJTVZTd@NJHDFJRPNHPDJJDAd@DDAJDd@EB@RI^@RAJ@^KR?HEXBDCL@\\LFFLDVTNJDFFBDPJRJDNd@@NN`@DDZ|@AFJ\\LtAAb@EJ@f@Ez@Ed@?XGX@l@E`@BTC`@?pACfABJE\\@v@AlABf@AJRxAXp@t@|BPVFXNVF@RKT[NENO`Ao@NO^UJMPIx@cADKLSFODC?EJOBWTq@?SHa@?SDI?k@DQAQ@YAa@BO?y@CAUXEnBIdBOdAe@tAg@r@o@r@kAz@MDSTa@XE@ONKBEC_@{@Kc@Wg@Om@QYK_@Iq@@WEODQCGDQAeAB}@Au@Fy@?a@CM@w@@YA]XyD@iAAi@IcAOo@Y}@AIEC_@XEWECOk@]o@i@e@i@Ws@IU?a@DUHOCODICi@Hm@?o@Iu@UKOOG[a@_@q@QSIOEe@Y{AGiA?i@CKK@u@IqBKGA', 'resource_state': 2}",False,False,False,False,everyone,False,,"[39.372002044692636, -84.28269823081791]","[39.372015204280615, -84.2826231289655]",2.813,4.118,False,False,False,242.9,224.2,12082457526,12082457526,stripped_D7317B20-F022-4FFF-A8A3-740E95280C52-activity.fit,False,0,0,False
2,"{'id': 61462649, 'resource_state': 1}",Evening Run,9670.8,3854,4190,80.6,Run,Run,0,11294490801,2024-04-29T21:37:14Z,2024-04-29T17:37:14Z,(GMT-05:00) America/New_York,-14400.0,,,,0,2,0,1,0,"{'id': 'a11294490801', 'summary_polyline': '_zhoF|llaO?FC?HCLNNAHI`@Fn@?JHN?RJPb@Dh@AZJl@CDDDAVDFB\\Xx@PXHDFL^`@HRj@XnAXTEDD\\Kr@AZ@XO`BDVJr@h@d@z@Jh@h@hABTTx@LdBQbC@d@KnACjBBJEZCzBBp@EfAFpBFVJv@RZH\\HL@PNVRz@Tb@j@YLK?CJMXSPAZ_@VK~@u@HMPK@K\\_@Pg@F_@\\iA?SLkA?_AF[Gc@FW?sABCCq@FeAAWHk@CeADITAFW^CdADFEHH|AFp@?ND`D?\\ON?TINKJOTIZg@ZU?GNM\\UT]PMBKfAq@^Id@r@DED@LR@NBAFTPR\\rA\\h@BVf@|@D?Jd@JLFb@b@RDRNJ@TN`@JFXd@@ZRNH\\Z\\Pb@`@d@JN@PV^LH?FDERd@b@`@h@DNEZJv@I^Pv@HJFDZ@`@Ev@Bp@E\\DPEvD?pADHCt@IVBZGv@Dd@EV@p@WtF@r@GdA@r@ETBLG|@B`ADVEPBNIJIrADJGd@IxA@~@KXATBPMh@A|@Ml@E`BGVCf@DJMh@Af@N`AKrAMf@XFnA?d@KBDfBObAJX^BJr@TfBDHEHUXYn@WFQRSd@cBVa@XYJ[Gw@Qi@DKFu@ESMyCBSbAcDCiALc@RWTMj@?[?UHMNSJOj@CVFVC\\Qb@a@~AOZC^Db@AH?`ADDCJFNE`@Hx@BrAITs@rAe@lA_@j@UHs@t@WBiBOq@q@UImBAuBLm@E[OCKJSLs@NkDfAaP?i@FKCkBHSA{@FsAA_@JqBAcCHo@DeCHs@AMBGAiADm@Cc@Fm@AKICHUBg@CU?u@BsAEUFeDAy@UAu@UY@y@AMGGFs@Qm@EISEEk@]Q]AKOKIQGEUu@OQ]s@SSm@qAe@u@Oe@YUQq@QO[i@ESYk@IYa@w@Sk@i@u@I]KQSSUKeBzAW\\gA`AU\\E?OR{@d@q@J}AFyAMu@B}@Ke@@QKmADGFEp@BRC\\B|@EF?b@ERBNGfAGTDD?PGvA?nACFAj@EVGD@j@Kj@INGV[b@M^k@t@aE~CQFe@GkB_FUqAEoADa@Aa@DmAA}BFWAy@Be@CUFeAF_@?]F_A?wAEs@EIOgA}@eCWg@c@c@aAe@u@Ey@NuBLk@EiA]w@y@y@yAYoAGk@IaCuFYd@F', 'resource_state': 2}",False,False,False,False,everyone,False,,"[39.37200271524489, -84.28254484198987]","[39.37212936580181, -84.28262614645064]",2.509,5.132,False,False,False,252.7,223.7,12065339610,12065339610,stripped_1CCAF563-410E-464D-B838-CB01B9653C12-activity.fit,False,0,0,False
2,"{'id': 61462649, 'resource_state': 1}",Lunch Run,6521.6,2202,2334,14.9,Run,Run,0,11254416821,2024-04-24T14:56:33Z,2024-04-24T10:56:33Z,(GMT-05:00) America/New_York,-14400.0,,,,2,1,0,1,0,"{'id': 'a11254416821', 'summary_polyline': 'usdsF``tyNENSH@FGFDCEF[FDZ?XZl@Jf@ATBF?HMABX?b@CHA`@E@@LCJ?`@CH@r@G^?JDFCFFXHFAJFLGd@DHEDKZEZ@DSH@DDAEP?ZIVAT@b@CZBh@PbAEJH`@EBSWABCCC@CBDBC@BFOVCRKDLv@RVRd@?HKBOX?j@FRDf@F`@Ab@ET@|@Cj@AzCI~@BbBElABhCL\\iBNKIYa@Oi@]g@COc@e@Ia@KCCOIK_@e@OIIQi@m@KYKGEKUMEMSO[e@K[g@m@IUYW]UAIUYGQKMSw@MYMKIQQMMEY]QAQMiAQGGSD]Iu@BWKGB]O{@MKEQAOKa@CWMAGSEKBSM[?GDGKMB]KUBIEWGU@_@OM?KEE@e@QK@aAE[OUBMKMFOAWMCBECOBOCSI]EEIWXYKCD_@J?JMGYFGFIAe@FGQGFUAEFK@q@h@Wp@QPO`@OLMVSNGVG?QZa@IM?CFUFMGa@Ca@DOIQ?OK[@u@CWIIDg@KSFc@Iw@?UKMFg@CKKOHe@CYJU`@EJAPMR?NKLCVGR?PGd@?b@Mj@BTS\\@HGZIR@JEZIVBPEN@XERCDEXKD_@AWICDSCOHMEEHl@?BFNAJKZBTOLW@KEe@N[BAGI@CJCDa@F_@DIFu@BKJM?y@D]FSB[FQAWHQ?QPe@AGJEDQHAPIb@@VILFJAHBPEPHL?NMNAXPHENF|@?p@NX@NCx@HRARF\\ADH\\?JMVTJKJ?LIH@BIPIH_@JKLEV]BOHCNQTi@JKHS@OVWLGJBt@EZBFI^?VIXDJALIFDV@BCVAVLn@FRC`@Jf@@FD@Hp@FJHZARHN@FEVHLAZRXBLE\\HPCBDd@BJLF@REb@Pb@HBBABNDl@F`@NPEV@JPf@@BFf@DBDHER@XNBCBFFEABPNt@BJBVPJXX\\BLRPFP?TBDPRJXTR?HLHZHFHLVb@l@L\\`@n@LH^h@HF@L`@LJNBLHFFNLJL@FJPHALDLPJDL?FRPNZNF?HHP@NDRTd@FX`@^jA@JGHDAFHe@K[CUDi@Ek@?i@B]Aq@CQBw@Au@DOAMBk@FUEa@D??ODQ?_ADGEy@DG@KG_@BMAo@C[Hs@?k@BEG@GSEoBE?EI~@IEMJg@Ci@BO?m@QaBAiAISF]XQBKCOFS?KCKGI@_@OMFIE@HAMcANoB?q@DWLUGODIDYHKUIBSAGJQQSJ]LIFI', 'resource_state': 2}",False,False,False,False,everyone,False,,"[40.00588020309806, -83.01072405651212]","[40.00579412095249, -83.01084106788039]",2.962,7.228,False,False,False,232.9,220.1,12023897261,12023897261,stripped_3EAE58DD-FA75-4B84-8FAA-D195CDB4590C-activity.fit,False,0,0,False
2,"{'id': 61462649, 'resource_state': 1}",Lunch Run,9697.4,3555,3797,22.4,Run,Run,0,11247018710,2024-04-23T15:04:58Z,2024-04-23T11:04:58Z,(GMT-05:00) America/New_York,-14400.0,,,,6,1,0,1,0,"{'id': 'a11247018710', 'summary_polyline': 'qsdsFd`tyNBBAIK@?HJHAt@GNBPOhBDFEr@Mt@MUDRMnA?z@H`@Cl@B|@CRIGD@BLIJE|@R\\Hp@MpAAx@BC]HF@EBLDGpABXGR^pACDNCMl@Sb@@|AIr@K~D?|AIt@@zABJEh@BLEj@AnALtAJRMCIVQJa@CIQ_@E_AoBwA}BSQCOQKq@iAYQOYSO{@gAcAyBu@Wi@mAIc@Wo@aAaAw@Se@?e@]w@GUDKMi@@yA_@qAGKS_@D{@_@WGODy@SIH}@Y_@Ho@GYWq@Ii@U{ABw@Ic@Li@IYJIL[C[LUSK@HCo@PENQ?[j@s@`ASJ]l@Sf@[HINy@CGHi@O_@Cs@BYIw@B{@Uk@HgA?sA[m@Ai@L_@l@Mn@UXDf@KRCn@Oh@Av@Kh@KTQ~BQf@[VMIe@Bk@Jw@Cu@DYzAQd@Wb@O?KL[h@]bAYDU^M@?F]GYRMG[LYC_DtAwATCNWN?NKN@v@DLCRIBa@p@i@Jc@Cw@n@cANUP{ADg@PaABo@AyAOm@OsA@w@QmAPWCQeAHa@Go@Ju@C}@F{@E[FoAAa@EIu@Ma@H}AD}AGMOk@?BDILe@?EIu@GQLSIDGb@LzAHLG?[x@N`ABHHrAAdANj@AFlAKpADRKjCDd@Od@Bz@JZd@Ez@Sr@JbBCjA^xBLd@EZOpBMbCq@LO`@ATQf@?h@eAAYISL[Bk@l@UFQhAWNMvAMv@e@XD^m@\\B~@k@@YP?b@}@TSPi@TUBa@NCFYPWrAQXAbABh@MRODMCm@FWFBAGNQLm@@kAH[AKLY?[JQHqBd@cABO^Sh@EzABTJTEd@R`AIn@FDHbA?XL`@?VCz@NVKd@INHTKRs@\\[Ve@?KPMTi@r@m@J?DMjA@C?h@MVSbBCx@VLERJh@AZLTA~@PVCz@^l@P`AAn@Br@TXCLX`BJJLNAfAXxAH\\LxALRMJXf@DhApCn@jA`@`@PE\\f@Tv@h@x@`@Xv@z@N^b@d@`@TK^r@x@Lb@\\Tb@v@Ff@Tb@THvAB?RL_AO_@@oGNoFCgCDeCRq@Gs@CkBFGI?^o@OwABDJGCB@KDDEIDc@FIAy@SeDXo@?STYBO?WE][DLLHQBaBGaCJyALMBSI?AI?wBAH', 'resource_state': 2}",False,False,False,False,everyone,False,,"[40.0058520399034, -83.01074207760394]","[40.00584156252444, -83.01072707399726]",2.728,10.034,False,False,False,232.9,220.1,12016310366,12016310366,stripped_health_data_61462649_1713888476.fit,False,2,0,False
2,"{'id': 61462649, 'resource_state': 1}",Lunch Run,21091.4,8387,9198,45.9,Run,Run,0,11225519976,2024-04-20T14:13:31Z,2024-04-20T10:13:31Z,(GMT-05:00) America/New_York,-14400.0,,,,12,1,0,1,0,"{'id': 'a11225519976', 'summary_polyline': 'atdsFz`tyN\\YKP_@ILhAEpCHj@Kj@UdELnDS\\G`DH~AQH?n@M`@LJJ~@`@h@a@\\F|@a@dHFxBWnCDdFTn@_AXu@SSYoAiC{@q@u@qBqCyCy@eB}@u@mByDkA{@}Fq@mFkAiCMeD{@{Ec@qBHoAh@IWw@PmBpBmAjBm@VwCEkKk@w@N]p@i@hEk@pCK`Ba@x@i@RkDFc@vA{@fAe@zA}@r@}Bz@w@Bo@^sCf@g@x@AjAm@rAwATgChAcEZ}AEiCi@aELKEQ_AL[Ie@XqHOm@{F@[QgFOOZMbFGbJmBp@u@b@sCPO^`@`EM`@cHxAcD\\wAnAw@pA_Ab@qADuAa@YFy@m@y@LiB`BaCvGeBNC`@y@~B{@Sm@Ns@IJj@CnASbA]d@kGnBkACiFh@wAIqDHe@Z_CPcGo@y@[kAEeBq@WBwCeA}AyAiAk@ODKXG~C?rAXb@ZEFk@mAaBYS_AKaEkBk@Ca@c@kJ}Cg@m@a@EqAw@m@i@kBeCo@Os@Ho@UYQUYaDg@qBVqAf@aBBo@d@kAH{@\\oD~D_B`C_An@w@dAwKlFwAj@uADaA\\kAdAeB|@QGeBfB{CT}Bj@yC|A_BZqGbBMRrIeCpC}AvHkAfAkAfBs@`CkBlCYxBs@lDuBdFuBhBcBhEcGhAcAdCm@b@]v@?hFaAzC^v@\\b@ZpCXdAlARh@b@JvA`Bl@Hj@l@|@PhCrAvB\\tHdDhBFJr@l@r@E^[DQKCs@HaFnBd@xAhBvAt@`H~AxEd@xB@lCq@zDAn@OlAJxEa@pBc@jEsAjBuAZ_@^qALgAZo@Bm@|@Dl@Yp@_AhAcEb@s@fAy@fAKTTz@B\\XxBJz@Qr@_AF_@bBsA|Dg@|FqARu@Y{CHa@fA[pEu@j@o@DsHJ}FH[`BFbBUlAJXRfEFLzCKpFF`BvA]zIf@zDUzE_Bx@mA@s@Tu@nDwAxBc@lCcBjBmC|@mBhDKb@Yb@iATgBLG~@cHd@}@xBIrNf@`@WjA{BpAwAh@WnF]`H|@dA\\rDVjIbBpAJp@KJUKT|AlApAdDrAjAyAsADJz@l@fAxBnFhGv@tBn@pArA^RICsFPoQLc@R_HbB[|@BHw@m@eBs@m@I]q@IQ_@RmCAwERiD@aAKq@LmAIyDC~HDe@', 'resource_state': 2}",False,False,False,False,everyone,False,,"[40.005931332707405, -83.01085179671645]","[40.00593359582126, -83.01093829795718]",2.515,7.176,False,False,False,235.1,220.1,11994108214,11994108214,stripped_health_data_61462649_1713631612.fit,False,7,0,False
2,"{'id': 61462649, 'resource_state': 1}",Lunch Run,6461.1,2282,2598,14.1,Run,Run,0,11203261375,2024-04-17T14:59:25Z,2024-04-17T10:59:25Z,(GMT-05:00) America/New_York,-14400.0,,,,3,0,0,1,0,"{'id': 'a11203261375', 'summary_polyline': 'ctdsFf`tyNJGB@MFJz@M`@?VDLFz@IXBVA|@MRET@ZCL@ZCn@PvCD@BHK^BFGRKRECM@CDBdAId@FP@^Kd@DLDf@CGAPDBEB?bALPFV@j@St@FOG\\BPGLBNAd@GTC^QzG@x@Gv@B`@CrBDx@Cn@@ZA`@Rd@CD?TOHMR@Gu@K?MS?W[Sa@?MGGCOW[GSa@e@CQEKYa@ICGYMGCIICEKMIEOOEIMEQIKIEGQi@c@a@m@O_@@GOKIQg@k@a@SKMCKU]AKUe@E[ISIGS]QKEIYKEIWMq@AOQKFOI_@AMIID]CAGIGICw@?SI]CSOIBk@IUMIEIBIGE@c@OK@u@GCCe@AMIS?CI]CSMQH]K_@FMIIAOGAKEAc@BOMSFOMO@i@IUBm@Se@HKHO?MIIJG?AIWFKEKTKEm@FGCDHDAEBWEY?]\\]h@IFa@p@I@EHGAIXISUKIFEHO?QN?CDD@NE?Gb@CDNFOLQGK@CHGBi@E_@JKKQEU@KEa@AIDk@QQAQHa@MYDGEs@@WK[BaAAKCy@HON?HMZIf@C??LWxAA^MV?JBHOd@A^GZIN@XEb@IX?\\I^ST@DFIJCB[NY@QHOAm@@ECU@GPYHWLI@[C[@YR}@@g@BE?_@Jy@HKTIBShBMt@DPFp@CDFZHTGj@JfA?NHPENFn@@NGPLZDLAHIL@JETFd@SLe@LI@IHIJ?BF?NAG@??CGKSIG@q@UZKH@JNND\\QP]D?LSHGb@{@LK^EJDp@BFOz@KJBNKPCFBPELF`@C^Jb@FLCXDHHfAH~@TP@HC^Lp@FBCNNLALFp@@VLZ@JE^RTARRRFNAn@H`@PXBFCVL\\AHD`@Dj@Nf@AZNHA\\HRL`@ZDJXXR`@Fb@HHN`@d@p@CETRVJPd@X^DTJFLRVVRZh@^T`@n@n@DHNLPDHVXb@LBJX@ZLHDFPp@FFJ`@DBPb@b@Pl@?J?HGDODFIRDg@I]Bk@C}AFYISFeACSBe@CYDKB[Ca@Fc@?c@C[Fm@AaBFc@AYBYEUEGPo@@{@EYIGOWDQEAKF?GS@XsADKLIDKCID?BNCGDFISBSAUHYJo@D{ABGCeBH]EOEAAKAQDE@[EWBWGc@HO?SFs@AYDO?a@?UGQ?UGMDWC_@@EA[IQFSJI@Ib@i@DA', 'resource_state': 2}",False,False,False,False,everyone,False,,"[40.005940133705735, -83.01075188443065]","[40.00580401159823, -83.01088901236653]",2.831,7.895,False,False,False,232.8,220.1,11971245058,11971245058,stripped_health_data_61462649_1713368565.fit,False,1,0,False
2,"{'id': 61462649, 'resource_state': 1}",Afternoon Run,5639.3,2408,3433,3.0,Run,Run,0,11197328260,2024-04-16T18:02:14Z,2024-04-16T14:02:14Z,(GMT-05:00) America/New_York,-14400.0,,,,0,1,0,2,0,"{'id': 'a11197328260', 'summary_polyline': '{sdsFp`tyNVMCbAMy@YLCDDEP@ACBGOHAdAIFDPJBGDLTBRDBEDDL?JIDAHIAIH@E?d@DA@FAFDHCECJICED@VSPFEDD?J@FDA@BBd@?PEPCTHlAKEAJA?CH?LLb@EA@TBUMI@FGTDJRD@l@@EDBCCQN@E?@Bp@?pAIz@HTSx@B?DHK`@?TKFG^@HJH@JDPB\\C?AJH@OGOd@LCPMCCE@?DH\\C?CRB\\AJBj@UrEB`AIf@?RCPBTALA?@TE\\D`AEnAB`@A~@BDDB?d@ELGdAYJc@EFFUQ[MYg@Mg@KMAIIEM[CE@EWOK]GEG?a@}@SUA?MUWWWe@IEiAuAKGGS?KQY[w@UYMAQQSC@GEKECK][k@Ia@Wa@i@c@C?KQG]MUE?GHSXMGQ?ECi@EO@e@KW?KKa@?WMW?]Oi@E_@O[CABMEIQQ?IEa@BUKY?KK]BG@GESGK?MIW?MGUBw@OQ?]QCFOGCE]EW@a@Kc@BMCSMKBEC[N[B[BWKM@IDK?GLYHFUy@HOJKCGH@BK@[NUd@g@d@U^@HE?GFM?EL@XC@AJQ^SBo@A[JWOUDWEk@DSIMBOGU@e@Ge@Bc@K_@Bs@Is@AWBk@MWFGEGDKLCAAHEDYJE`@MBC\\K\\BXGP@PC@?l@ID@b@FFQFATAB?ECD?JQ`@QlBBJEHAPG^]NMBCCQFIEs@?IE[CWHWBQV?CENGDCNKDCJ?XIFAJy@bAKX@BETM@OHILGAEF]\\?PIHIEa@HUNUFEAAGUBCA?EQB[\\UFk@?ILG@EXD?DIG?XIVUHAD@POHC@BJIB@@ED@AB@@HMJH\\QC?C@ZEFGNGF@LIBGPONIRCTMDM@GA@DSD?DE?GJGJQLSAMPQDOPIFWFM?MLQ@OFMAEPINC@BfAAXH\\@`@EFGVEFEHY@_@BE?UBBAQJy@NS@QFK?SDe@Jg@AODW?[Rs@B]B?B]BCBSFK?KHK?Gh@M\\AFFl@CJDBAVHd@ATNPKPCR@JFPCVJHAH@@BVGNDVGPNBCVFJIC?H?VJb@Md@T@ENBFFx@]D@FKCQBAFSFAFGH[DGFB|A{B@GFB@C?FDM?IFDDOFAPFBAUNMPFGCGDAHBVTJUx@K@EJI^GRMz@?PG\\NNALHLAx@Hd@?`ARj@Pl@HNAl@NhALfBXP?dAVVJbBX', 'resource_state': 2}",False,False,False,False,everyone,False,,"[40.005905935540795, -83.01080502569675]","[40.01125962473452, -83.01669834181666]",2.342,8.996,False,False,False,232.9,220.1,11965163184,11965163184,stripped_health_data_61462649_1713293969.fit,False,0,0,False
2,"{'id': 61462649, 'resource_state': 1}",Lunch Run,1624.8,542,830,9.5,Run,Run,0,11165035582,2024-04-12T15:18:04Z,2024-04-12T11:18:04Z,(GMT-05:00) America/New_York,-14400.0,,,,1,1,0,1,0,"{'id': 'a11165035582', 'summary_polyline': 'csdsFjatyN]EOF?GBME^?NBL?|@FtAAt@CH?\\CFEBCHCp@@t@?p@BlA?l@EZHd@CFBEAD?CCAQLGJCN?LD\\?VE`@Hf@@XALOb@D@FTBP@DB?FTE@If@?X@TPXILAHORM^CPILAF@ZAHFn@AFDZCTDfAA^@^E`@EpB@d@Gf@J?A_@Dm@?[DqB?cBFaBAu@F_@@y@DWAwAD]?k@CUDiAB{CDi@AW@SDIAIDWEUFe@@}@@MAKD{@A[BiBBWFM@MESFm@Ak@?]BUCSAgBD]AONhC', 'resource_state': 2}",False,False,False,False,everyone,False,,"[40.00579034909606, -83.01093259826303]","[40.005805268883705, -83.01094156689942]",2.998,5.712,False,False,False,233.8,223.8,11931899548,11931899548,stripped_health_data_61462649_1712935916.fit,False,1,0,False
2,"{'id': 61462649, 'resource_state': 1}",Lunch Run,8085.0,2746,3565,14.7,Run,Run,0,11135078730,2024-04-08T14:41:44Z,2024-04-08T10:41:44Z,(GMT-05:00) America/New_York,-14400.0,,,,4,1,0,1,0,"{'id': 'a11135078730', 'summary_polyline': 'otdsFratyN\\s@O~A@d@FRAt@Mn@@b@Kd@@^Gf@Br@Ez@FXFDCCIL@b@HA?^LVf@b@F@iAUUn@FhBDHSfAEl@Ln@GGBLICALOBDBBNCFp@jAMb@DD]LEZDh@?pADr@MlA@t@G~DG`B@vAEh@BP?rBPj@KTe@b@Yc@MMSBSUk@qAOM[q@SS_@w@W]UQSa@k@k@Ua@{@}@SWI_@OO_@s@USQE[_@_AcCYc@o@e@UEIK_@Ky@MODKKOCSDQIQ@e@KSKO@i@Ku@UY?]KCGu@KCDuAY[MY@cASi@@s@Uw@GAGO?KKo@FOKg@Bi@SsAT[Ca@L}@BQEg@TwAhBQLYd@KVMDS`@c@Tq@O]BGC}@HKE]@_AKa@@YGCGm@Aa@DgAMKBk@AWEw@D_@XM^Kj@SzAAf@Gj@Wn@B^Qv@Eh@KLET?z@YR[FcB?KDq@GODc@z@Oh@S^IFERYZ_@j@IVMNWNM?_@\\[FQNw@J}@d@Q@GHeAXa@@]XOAWRSXKVALHx@e@z@c@T_@BONQC{@f@GC_A\\u@A}@X[CKHh@Ef@?f@QJB`@OX?RQp@QZSt@Gn@UHUPO@ITIBBRc@@o@Qq@FE^Cb@a@f@CPOl@GFMd@Ap@]T?JO|@[Z[d@SRSF?@IN@VKReAFOH?HYAUDIACJEZe@G]VInAA~@@x@GXFDGBWEaA?GD@EYBMP?HKB]Aa@Xy@Hy@AKFw@HUBi@L]COJUEMX]RCz@Bh@IjAPLCnAJVHb@AtDRVCRJv@OPBLMFa@Nc@AIJIRa@\\_@RG~@gAPGZDt@GBKBFJ@nASZBVIjBRNE`AVP?nA\\\\?|@Rl@Jl@ALJr@@RNd@CTPr@DrA`@DCt@Hn@VjAHh@L`@ENNZJDLR?Ph@TVPDJ|@PTPLL`@x@h@LRAFLDFZTLJj@p@j@VZJVTJZn@ZZ\\NDTHDj@r@F\\^T?LRh@LD@\\Nd@JBDHND`A@FB@HIBXc@Uc@EwABaAEk@BwCBO?{@LoD?wCDWHyACu@GQC]PaA?OC@?IEENYDFOy@FK?oBFACa@HS@k@Oe@Pk@CK?]@o@DUCo@GCGSDm@LIFu@A_@D_AHk@AMDWCQHMEQDYMIBBj@_A', 'resource_state': 2}",False,False,False,False,everyone,False,,"[40.005999729037285, -83.01097677089274]","[40.005701249465346, -83.01077434793115]",2.944,11.55,False,False,False,233.0,220.1,11901200743,11901200743,stripped_health_data_61462649_1712590868.fit,False,3,0,False
2,"{'id': 61462649, 'resource_state': 1}",Lunch Run,6446.3,2211,2776,16.0,Run,Run,0,11084673641,2024-04-01T15:29:01Z,2024-04-01T11:29:01Z,(GMT-05:00) America/New_York,-14400.0,,,,1,1,0,1,0,"{'id': 'a11084673641', 'summary_polyline': 'msdsFl`tyNU@ExA@hAFd@CR?ZBJAx@EAG`@IlCBVG~A?n@D^Mz@ExBBvBGvAEZEFLj@FBQ`BO|E?l@ArA@b@CXBNGv@@v@Cd@AbENj@GVAZICE@AHY?EDWe@e@]Sc@KQE?GWMMBACE@EIIAG_AmAGCy@wA[_@_@i@e@e@Y]AEIGK[MO[u@[[UGa@a@O]EEESIKG[Yk@_@_@CKSSICIKa@QKAEBQKY?IGQAGCQ?GC[CMDGEGAEEM@q@SIBGAKGIAOIG?MGQAECa@AQIe@IIESAi@IK@GEG@OI_@@YEGC{@KSKM@g@CIEOKa@AKEYCSAMG[@WGYACESEm@@WDIACBQBUFKHGEU?IBWVIOUI_@Fg@d@_BlBk@fA[Ro@RKEk@COG]Da@IQBSGc@AWBWKO@OE]?KC[@m@CGCq@Go@?ICIBU?OBYXWf@C^E@CREDGj@GFKl@Gr@GT?XITKz@?DGVCbAEJKH?LKN[Rs@FOCGEOBE?gABSLKJg@vACBMVOLDNFMZUX_ALON[JK`@El@AbABZEPKNMJ_@FMJm@@YLa@Ls@B]HW@YHs@?UHUFm@ZmANWLEJINCV@VCFBZAH?DF\\Ar@FTELBLARFnBFr@D^FH?BCb@DPCL@LAV@b@KLKTc@NOBQNMFKDOPOBK^a@DIB?d@i@JEb@GCBXHh@KL?@CLEf@CR?h@If@FFAXHTAh@FBFz@Fl@LNHH@j@FL?n@HZHV@TDXALFx@LP?fAZnAVDBd@DTJR?HDFAn@Jd@AHF\\BJD\\@x@Zd@\\RRT`@l@zAVf@f@\\VZLTFBN\\NRBRl@j@FHD@t@~@LVNLLZPLBTHNHDJPVNBRDDD?BFFDVZPh@Zh@FTRRPJl@FPABFLGFe@GIEU@eACYFgF@EFI?GEm@DgAA{@Be@BcEF[?k@Fm@?w@A}@@c@C]JWCW?c@Bk@?_ADiBCMPqCCIAW@CHE@GA]BUAGCe@@O?_ACs@Ho@CUD_@A]DUEE@GCa@Fo@Eo@He@', 'resource_state': 2}",False,False,False,False,everyone,False,,"[40.00583494082093, -83.0107816401869]","[40.00590434297919, -83.01032583229244]",2.916,7.137,False,False,False,233.7,220.1,11848935610,11848935610,stripped_health_data_61462649_1711988120.fit,False,1,0,False
2,"{'id': 61462649, 'resource_state': 1}",Afternoon Run,16104.5,5964,6679,42.7,Run,Run,0,11078297352,2024-03-31T15:38:02Z,2024-03-31T11:38:02Z,(GMT-05:00) America/New_York,-14400.0,,,,12,1,0,1,0,"{'id': 'a11078297352', 'summary_polyline': 'ysdsF``tyNM^IjBBjBFTUxD@bAJf@I|ANd@QTIz@CpCGXB~@CFUMEMZZBj@LRGBHhAIrB]bDGdED^KhC@pFNr@IX_@HINSBi@o@_B}CiBkCuCiD}@iBaAu@a@o@_@oAeBmBk@OoFi@kEeAmCS}GiAsAOeF\\IQ@Hu@Re@d@yAlBs@fAo@ToBFq@SsFOeAO{BN[ZWpAgAxHI~@?Xa@d@q@RaCI_@NoA|C_CvCsAb@]@wDtAaANm@j@Kn@D^g@rAULm@Bi@b@aBb@uD`@gB?aDi@kBAqAPM_@AqCPcGGo@QIuFAy@OQ@ANMFqBKm@MMb@@zDOzA?bACPGBHZA|Ci@p@qC|@sA?_AV?n@Ld@?b@FB@fAEVUXwCr@yCj@sBPmAt@s@`ACTYb@u@\\{@Mw@FYSm@C_@KIQYAk@Hy@Xq@b@i@x@gAzDo@|@uADQPe@`CI@E|@Sf@}@lAwAt@aALeBr@_Dt@_B?eK`@s@C_Ai@W@KTA\\P~BIhCImGGe@GEm@Pk@n@OF_H{@qFuAcBy@aByAi@YW?QXDb@MhDHx@ZJNCJWGe@g@w@s@OGYy@I{Ag@m@i@[DiBgAeEkAqAs@BEr@n@rF~AbAb@FNzBv@`B`@l@CFl@`AfAKj@W@QGEeA?oELIr@Hj@V^ZZd@j@d@n@`@`KbC|ETx@PRCR[jBYtCDx@QlB@lAWhAF|AU~E}AbAUj@Wb@a@Vk@ZUTaBNQViABs@nADZIb@i@TsAh@w@f@gB~BeB~@@lBl@l@Eh@T^GbAk@Xu@jBaBlEk@^SpEu@Vu@Am@Qw@IeAF]t@QtAAzCw@Xa@JmD@kEL{BEaBd@MfATlAADQXGZNPBdC?bAP~@?DNKnBBzAOjEB^PRvEGbCf@dBHxDc@nDkA\\W^m@BYJMF_Af@c@fE{ArAYnBaAhBwCVSd@gBz@MzBBx@Yb@eDlAkI^w@j@K|@A`@LjBCzBRtAAtAR|@An@]d@s@~CgDdASBNJABOb@CrDKnAZ~@?`A^dBJf@Tl@AfAVd@GnBt@rDl@vAFrA\\dAx@Vh@n@jB^b@`@Hf@|@F^j@j@CJxAtA`AvAd@@PPXpAt@jANPlAHFIBgAEa@F_CCoANgFBgH\\E\\qCGc@@_@DYN}G', 'resource_state': 2}",False,False,False,False,everyone,False,,"[40.00589503906667, -83.0107197817415]","[40.00607424415648, -83.0139712896198]",2.7,10.908,False,False,False,233.2,220.1,11842081411,11842081411,stripped_health_data_61462649_1711906164.fit,False,5,0,False
2,"{'id': 61462649, 'resource_state': 1}",Afternoon Run,8263.8,3075,3402,16.5,Run,Run,0,11063591631,2024-03-29T16:52:52Z,2024-03-29T12:52:52Z,(GMT-05:00) America/New_York,-14400.0,,,,3,0,0,1,0,"{'id': 'a11063591631', 'summary_polyline': '}rdsFtjtyNm@FShCAjAELGz@Ft@JZIh@@RA\\I~@@jABRAx@CFCdCBb@MhBOrHBt@ARENAd@CvDBZApALt@?TQDy@DBOQDMIWg@GCSm@e@s@]q@e@m@MG?GEECIKGY_@}@qAcAoAK[SSc@y@}@o@Uk@AGQ]Oe@Q]w@y@c@_@g@KcCQo@OSAm@O]Cq@Ug@Gi@SUECBGG_ACIEIDICEIQ@uAOc@Mo@CIEQ?KCGBII[GM@MG]AOGCBUGqAIMBMHOEgALUE_@Bm@VIWE?CBF?JHS@]VqDxE[Hs@@SG_ACMEODQI_@?aAMYDKEi@Ck@@WIQDOGi@EGBSCa@@]Hc@^Wt@CTCB]hC?LGTAZELCZKb@Mh@Ef@BNQp@WNGHWDq@@oAEc@HaA~BKHITGBCJk@t@OXm@p@o@RSNQ@IN[?s@Pu@T[LwA\\QLUFSRKPKl@?`@ANWn@SZ[BYLMAQHGFODYNY@i@V}@?CD[FEEEBs@NyBAyCi@YBICmACuAROICYB}@@s@AK@K@_AI^DXCL?`AEv@FXLNH@rAOl@F`@ADD`@C\\@`@Fd@PX@VHd@Ct@HbBYbAA|@c@x@Qf@SJ@^K\\[LYRUDME[@c@BCFYJMj@Qx@g@dA_@|A[bA_@JI\\Gp@]DQDANQ^q@FMBOVI`@o@ViAf@c@bDCPETUHQLm@Bm@LOB[FM?GDUBg@P{@ASDEJu@AONmAFWh@o@^Gf@Bx@Ct@NLCVDTGfAJp@?FFrA@f@H`AAJFJ?XMNAFIXQJ]XUJYNKLW^_@z@kAHBtA@^O`BQn@@DFn@H^?LFd@?LHj@FDDJ?BFFCVDV?ZBFDp@DHHNDd@DDBbA?n@N^BFHVLT@d@Nf@BLFr@LHABDl@FRFZ?PFZ?NFl@@NNb@RHNb@f@Tl@D^`@n@HRVXXBb@l@R^Rh@h@t@@HVNJND@?FDDJBL\\`@\\RXLHJ?@FR\\FRLJCPNXRPJBVVHPD?BFZJb@DHWHwAAkFJeAB}@AKAaBDe@DwAACB]AA?kAHMLKZI@KEeBFcABQCc@CI@YAe@B]BI?[D_ADKCCCS?[BK?OH]A_@De@ASD]AOBUEGBg@CcADi@FMCWDi@E]Hi@?GBYCUDOCObAHFEDOBSCGDKAC', 'resource_state': 2}",False,False,False,False,everyone,False,,"[40.005752546712756, -83.01242616958916]","[40.00548206269741, -83.01073185168207]",2.687,4.728,False,False,False,232.3,220.1,11825918801,11825918801,stripped_health_data_61462649_1711734576.fit,False,1,0,False
2,"{'id': 61462649, 'resource_state': 1}",Lunch Run,4868.5,2110,2500,13.0,Run,Run,0,11049477622,2024-03-27T15:39:19Z,2024-03-27T11:39:19Z,(GMT-05:00) America/New_York,-14400.0,,,,0,0,0,1,0,"{'id': 'a11049477622', 'summary_polyline': 'gtdsFrctyN?^CDBNAH@tBABKpD?l@@XGt@@p@LL@DDE@FGBEHGVG`@GdDBb@BLARGLIHInA?b@BJB`@BFF?ENCb@Bh@C~@?`AM|C?rA@b@Iz@@l@EtA?jDJ`@@ZALW\\MF_@EMUI?YWg@w@O]Yg@e@k@MYMMO[QWEM]c@EEcAsAy@y@K]y@sAMIME][S[Ys@Ka@g@}@w@s@MEMMk@ASGG?UIe@AKCMBgBa@u@KCESEG?OCG?i@SO?OCKGK?UIGBMA[Io@E_@M]AIEM@_AQC@SCc@MO?}@Og@GG@a@AQIUEk@FGAIF{@@WFGACDUDI?CCMB]?UFm@j@o@x@IDEHOLMXOLWh@UNUFkAHm@EW@QEUBSEK?d@FFCVFXALCJBh@?VDh@EJKNEBQNW@IDGBGROJOCGJERQz@aAJGJQTEJ@DCV?LBCIBBP@h@ELGTCHClAEPFZ@BBHCp@Dl@JX@dAVRB@@HADDFARDV?B?ADL@DC^NPCBDH?HBJ?TDDCBB\\@ZFHDDCRBd@P`@HP?JHFAZNd@DZJf@HLAHDXCFDL@JF^DHBP?jAXDHNFr@p@NVT|@l@bA@HDHD@XLTZJTFFF@Pf@FB@HJNNTh@h@h@z@n@r@FLJH^f@NJBJv@rA\\XLDFHRFb@CDCBM@[BUAK@_CBu@AoABs@j@i@DoBBO?cADwAAc@DQB_@C}@DY@k@Ao@F[@]?c@EWASDMA]CUFSAW@[BIAOFMGU?_@LcBDcABO@UASAoAB{BHs@?c@D[AE@wABMCK@SDAJFQEEK?SFC?g@I`@@^@FDBL@', 'resource_state': 2}",False,False,False,False,everyone,False,,"[40.00595974735916, -83.0112930200994]","[40.00580484978855, -83.01076680421829]",2.307,6.112,False,False,False,233.4,220.1,11811268088,11811268088,stripped_health_data_61462649_1711556415.fit,False,0,0,False
2,"{'id': 61462649, 'resource_state': 1}",Afternoon Run,11270.9,4383,5332,31.8,Run,Run,0,11035814305,2024-03-25T15:31:59Z,2024-03-25T11:31:59Z,(GMT-05:00) America/New_York,-14400.0,,,,15,1,0,1,0,"{'id': 'a11035814305', 'summary_polyline': 'usdsFz_tyNDVUbBB`@BLItAJf@WlELbADr@CDCp@IZM|@GlCBx@Ex@@XFd@GNSDTLBt@FC?E@HOlAStCM|E@fDE|E?VHVBXERKLa@HUT{@_Aq@sAi@o@uBgD}BoCIWu@oAk@a@SWYg@a@gAe@y@aA}@_@O}@AoAWU@sD{@{Ba@o@Ey@Oe@AWIi@AeAKm@Wy@IQI}BQeBPOFa@?YFCFIKe@AYLy@x@u@`ACPKBi@dAk@VqADyBCsAOkAEmACc@Ke@AmA?UHY^[bA]pCEJGz@_@tBG~@ENSXw@ZgC?QFa@n@Sv@Wd@y@bAm@`Ak@\\g@NSNwATe@V}Bn@eAb@IFM^CRDr@Oj@OVQJuA\\aAf@s@Ry@DaC\\eBIuCa@wACaBNQCGEEc@Be@Cq@HsBDsDAQISuAYiD?e@Q]@KTCC_@@UC_@DcAUO@EPBd@CP@x@CTAlAMrA?lAEd@D\\KtABt@AJIPq@VAFo@DoA^KMkADi@NCJ@XC\\NzBIf@IL_@Ng@DcBf@uEl@cAXQPYLe@h@Wj@WPYb@UJsA@OEg@?IG?JVN`@AXF`@?XGtAk@@QVo@|@aAVMhAUz@Kp@E~@YtCg@d@QH@HIFYAo@S_CAOJ[`@KrAE`Ba@x@UNKJSJ{ALk@B}CHiADoEDULIrAHz@BLIHQH?ZDHPd@HfCAn@Ff@CLFDPCtB@|@GpBBXIrAHh@NJ~AMlAFPCxBb@jBHpB]zAIrCcAj@GNK^c@L[B]?e@Ng@TWb@Q?GhAc@RC\\Qn@I|@W\\Yr@Ol@]bAgAfAcB\\eAXe@`@IbCB`@ETQFKPgAFs@d@qCDi@h@sDRe@\\Ud@Cn@FdACLFv@?rBJ`@JZCfAFJDJCHFFEzACTIr@_AhBqCj@c@d@Dt@?pAMt@QT@lAR`BLbB\\r@DzAZn@Fr@B^L\\Bb@PrBf@r@Bl@FhATz@Bl@Rj@Vb@d@P^JH\\hAXh@TZZTZl@`@Zl@hAt@|@l@`AjBtBl@hAbA~B^Rh@G^D@IL?AADK[y@FyCC[@aC?UFO@u@DyIFc@AIHICg@@qAEi@JcAAq@BGCi@DcCJ{AIKAOJm@AYDYAQFo@CID[D{BGk@Fw@?i@BYFQCYBUAsAFM@UAuAE^AV@JCpABS', 'resource_state': 2}",False,False,False,False,everyone,False,,"[40.00587869435549, -83.01069220528007]","[40.00592898577452, -83.01084911450744]",2.572,5.554,False,False,False,233.9,220.1,11796771772,11796771772,stripped_health_data_61462649_1711386055.fit,False,2,0,False
2,"{'id': 61462649, 'resource_state': 1}",Lunch Run,2429.6,771,1099,11.3,Run,Run,0,11015425971,2024-03-22T16:18:44Z,2024-03-22T12:18:44Z,(GMT-05:00) America/New_York,-14400.0,,,,1,0,0,1,0,"{'id': 'a11015425971', 'summary_polyline': 'evdsFdavyNDLAHCLMFAFEKM?OHMAg@UCEMIU]Ys@GG_@o@o@mAu@mAiAyA}@cAMYi@u@CMGIWUEAQMGAe@}@Si@AQYg@k@q@m@i@WGGIGAG?CCM@WKQ@SI_AAWGE@_@M_@G_@AMIWEGCOXJCDBVBHBxARHDPBf@@JDHA\\HL?RFb@@b@N^TXLLHJTNPFT?FLPL`@RXDXJLTJ\\XNZHDFHBLJH?HXj@d@XDNJHHLTR\\l@VRLPNNDPJBDHJB\\VHLHFFPH@JRLJHZTRh@RNGLk@H{@?eBBWCwABa@MWDBN?JIFOFWJmADcDBGAY?c@BABKBA?}@BW@sBBSHUBCGES?PUPE@IIQBm@BEEEAU?aABa@BMEq@BKE]Fg@AGDAA}@@QBGAW@c@D[Cm@@eAEk@BU?y@@WAy@BMeAyC', 'resource_state': 2}",False,False,False,False,everyone,False,,"[40.006271889433265, -83.02114670164883]","[40.00625814311206, -83.0105799715966]",3.151,6.238,False,False,False,233.2,220.1,11775720866,11775720866,43999E0C-C916-457A-84F2-99BEE7C5405E-activity.fit,False,1,0,False
2,"{'id': 61462649, 'resource_state': 1}",Morning Run,4454.5,1616,2241,38.5,Run,Run,0,10957987199,2024-03-14T13:36:28Z,2024-03-14T09:36:28Z,(GMT-05:00) America/New_York,-14400.0,,,,1,1,0,1,0,"{'id': 'a10957987199', 'summary_polyline': '_zhoFtmlaOVDZBLBL?JDr@A`@BHEHiAAiABSC}@Hs@FiDBGCc@HeAAc@Dg@BiBD_@?oABEE_@DOAgAG_AAw@Mu@Eu@_@eB_@oA?OM_@Gi@UyA?SEIK{CDoBA{@JmB@yADS?}AGeBG_@AkAG_BQuAY_A@IHG@GE]KKKUY_@[UEAM?OIi@MCCE?MMU?}@IM@EG?BOBSCGFCEMBKCJ_Ad@_CAaAEa@?}BCg@GE[DA@@Na@Re@d@EAKHg@JS@[CSEq@YeAgAYSKCMKUCa@OI?SEc@UCEOGIIG@GFOBm@`AITCP?FNp@_@nASHWEG?_@RMLIZUZSz@AZKbAMTEVMN?JIPEf@?TIV@LCD@h@En@CDIZGJIZEn@Ll@NTBJf@`@@FCHQPITE\\@HF\\DHx@v@JPbAz@PXHZN~@h@dBBd@B`ADb@Rz@FFL^HLRRTLVFFFD?DFRDTBh@AHBP?HBHCRBHDDAF@pCjB\\y@V_BBg@AATY@QDA@BF@JALFD?Ls@LGX@FER?RJHLJBHHLF\\Dl@ANI`@Ej@KXBHNXx@PNLDHFLhCDHFv@FRBTFFTnAV~@BTH^Bj@TlAAHJjAC`@Dj@Ah@BTAH@L?TER@JCB?VCJCdB@FI`A@VEd@@XEt@?pAERAv@Ed@Bl@GlACPEvAEFE?EESCiBICEI?UC]i@CB', 'resource_state': 2}",False,False,False,False,everyone,False,,"[39.3720090854913, -84.28266839124262]","[39.37216188758612, -84.28240000270307]",2.756,5.728,False,False,False,229.6,200.1,11715954462,11715954462,BCCBAA3B-00E2-46D9-927F-7DA8267B9673-activity.fit,False,0,0,False
2,"{'id': 61462649, 'resource_state': 1}",Lunch Run,9694.8,3860,4229,89.6,Run,Run,0,10943724853,2024-03-12T14:09:58Z,2024-03-12T10:09:58Z,(GMT-05:00) America/New_York,-14400.0,,,,0,1,0,1,0,"{'id': 'a10943724853', 'summary_polyline': '}yhoFxllaOAN@LFBf@@Vb@nAD\\JFzAJh@Df@JPBTl@dAhAnAtA\\bAAXGz@Ab@IjABh@TNNRL\\h@Jd@|CgCp@]j@k@p@a@XYvAaAt@q@z@o@\\]p@c@TUdAy@NTNLFEEY?_@QCGGCWIUCUGIK_@WgA}@kHScCQkAGs@CIGaAMq@Kw@}@iCc@q@KIUYCM`@mALuA@s@BGFCrBPdA@v@HDCz@LT@JEX@PDFHAR?dACJB`AAJNbAdApB@Hh@v@DTf@~@Rh@J\\Fn@DJBj@\\bCACVFJNLb@B|@Jh@?HDHJ@`@QZYz@c@xAg@h@Ib@Cv@MnAH`@Ej@Fp@E|@WRUb@}@DFf@XHNXRr@b@x@RjAFACBNPXTBLLbA`BFBFPb@p@XL`AHDDHn@?THrA@j@Cl@@VI~@EhAMNAX@f@IV@VER?f@Gv@ADEtAMxAA`@?TMjA?~AOjB@TEx@MlAAl@KhAGnBGx@?l@EZ?jA@DAT@FCb@@p@CD@NC^B|@AHBXCnABPEh@@zACJ?p@EPDp@IpA@VGRE`DDJIzA?^Gt@@LCd@?r@CP@b@Eb@B\\GRBTCRBJGR?ZCB@RCJAV@n@Eh@@JI`@BDEN@d@EHGz@FGDk@FIAMFm@AWBOAMHqBAy@FUDw@AcABWA_@BKASDS@cADYASBs@AEDu@EQmAEeAOg@@sAIgBEuDYy@?]MIKBoDDk@Ii@Dq@A_@DwA@_ABUAYDoAAy@BIAa@I@MI_AKg@?SK_@Ea@BIHuCKgANk@qAEUMu@@[IgCKa@Bk@V_Bz@mC@s@Ek@EKU@QMG?m@Jo@@sFOg@IsA?GJMjABJCJCnA@JC\\AbBEH?\\ArBETBLWpCIZk@~AmArAsBzA_@LMLG@OJG?CIELSFCSCC[cAWi@EYGEc@sAMaAAqBBoAAiABUCs@HyCRmEAoAEo@QcAQg@GMIG_@qAQ_@]a@UQw@WaAACDGCa@LGq@EAsANaAMMK_@KSQMEa@i@[q@OBy@`@i@Nu@Li@@e@AKG{@IyAa@o@KcA@oAb@mAz@GGEY[kAq@oBMq@Ce@@m@Pm@h@{@d@]l@s@TMj@s@LKLd@|AnBLXNN?D`Av@^JlAFv@@v@Hz@?BIHoEEEAFDN?TIzCANEHkDQIG', 'resource_state': 2}",False,False,False,False,everyone,False,,"[39.371990812942386, -84.28252472542226]","[39.37201260589063, -84.2826162558049]",2.512,3.808,False,False,False,252.0,214.7,11701230433,11701230433,D38C0057-9FDF-4B65-8A5D-B1CEA7B8DB37-activity.fit,False,0,0,False
2,"{'id': 61462649, 'resource_state': 1}",Afternoon Run,4434.8,2114,3010,9.2,Run,Run,0,10897990912,2024-03-05T19:04:47Z,2024-03-05T14:04:47Z,(GMT-05:00) America/New_York,-18000.0,,,,0,2,0,2,0,"{'id': 'a10897990912', 'summary_polyline': 'ctdsF`dtyN?BL@@@ADDR?HEB?^@NFHADGH?TK@BBBGCN?@@C?BBC?Ba@tEB`@@B@CDXATBCADB@BC?FFv@PCEHFKq@dBKrA?^Gp@BPAN@?@d@FLBPE@AFHP@NBLFJDBKLDNOLE?BCKRId@Et@@A?JDLAb@QxDAlAIxA@JPHMn@C^CzB@rACjB@\\KdCArBGxBy@MEPAv@EPKLY?UKk@Og@GI?ICs@EWGOBM?]LK?m@Ke@Eg@Ma@?u@QQBaAUE@o@MI?i@QEG_@S_@GsAAk@EIB]CI@GCUDoADGFE?c@EK@MAa@?I@UE[Dq@V]b@Uf@]b@@FJNFNPl@HhA@dBIzABBAJ?XND@T@BEp@?n@jB`NHGPADDTEH@JA^FFEd@FDCN?RDBCNBZEFBHGNCHBROLBV?VEt@?l@CB@dAKDCXc@Te@Zi@`@}@R]PSDK|Aw@z@[BCDo@Ry@AIVo@Ru@AYFq@@gADkAFSAEN[BEHYFGRCVAbABr@KZ[TOH]PuA^HHCFU@]AODi@LyG@iACW?q@@eCBkB?i@B]HwE@uAAa@DOTG`@AZML?l@DlADd@FFALFFCJJF?FDLNn@h@JL~@b@\\BJFNDD?HBJARPZD\\LfANl@DpBXzDJt@Ez@Ml@u@P_@hAOpAGNBFPF?', 'resource_state': 2}",False,False,False,False,everyone,False,,"[40.005945498123765, -83.01136636175215]","[39.99919245019555, -83.01771665923297]",2.098,4.606,False,False,False,231.6,221.1,11653354735,11653354735,1A9EF229-7153-4DB1-AE42-67BB184A57ED-activity.fit,False,0,0,False
2,"{'id': 61462649, 'resource_state': 1}",Lunch Run,6474.3,2526,2734,14.9,Run,Run,0,10889233874,2024-03-04T16:25:14Z,2024-03-04T11:25:14Z,(GMT-05:00) America/New_York,-18000.0,,,,2,1,0,1,0,"{'id': 'a10889233874', 'summary_polyline': 'stdsFv`tyNTSB`AGF?H?lAAJBx@Av@@MAACHCCER@ZKjD?zA@JAb@Bh@?PILIp@@TEzB@RAPFRARACC@ENHl@ATKVCNDRM@CD@LLRBb@EVBJCNAlBKnDCrAFb@Iv@Al@AbC@vCL^?NALEBOFU?ORKBCM@GSBCGQK[g@ECUm@MMSe@c@i@?G_@s@{AkBi@u@q@s@Ug@q@iASUWO_@a@QYGUSg@EQMQIQSQMWs@g@WMIBOCQ@CCMBCCIBMEKBEGc@IMDUKQ@WQq@KMGOAu@SWAWEMIE?u@QQ@YGEBM?EEI@GEGBa@KSAa@OK?E@]E]CE@MGE@YM]I[?a@KI@]Gu@GYAM@AA_AHKAKDIJI@SEa@HIEE@OEOHOBOJ}@bA{@lAOJ@FEREDGBEFAJIFUFO@QIWDG@KE_@Da@GY@c@EI@QAW?GCWC_A?]CWECBGEk@GWAMCe@@[CYDCDe@Ra@t@I`@CNDLSp@Er@IVA`@IVBFOp@Eb@Mt@Ep@GRMLMFq@LiCCONKPEZOBFQBOJGJAHGVCP@FCfBDLEPKT_@XcAAKDS@ADa@BOB?Dq@DIAe@Tu@CYDKAEJSJy@AIPY?GTq@PIH?NCd@@DCVFP?JEH?LBV?RBNEHDFAPDRCRFTBREXBFCLBl@BPHd@GD@JJJCN?HHF?^CVBECBIBBZGNODCB@HULKAGV]DOFCx@_ADSJKPIDSBAN?FBTEh@BBE?EB@ADn@IVMV@DKJDLARD`@GPBHFHCXHNEFBFAh@HHBTBNFFATHDCD@BFFB\\BHCPFRBRDHAZ@LLH@\\Df@?HDDAHBHANDBAZHJFL@HADDTHN@HAFBPLl@JTJZARJ^D^JL?\\BHFR?HCF?LDJAd@HFDD?LFZPp@p@Xh@Rv@RTB?FTBFJDJT^VNb@HHf@z@HLHBFLRLHNRN\\d@N\\^\\LPJBRAHXBCDJAHBLDDH?BDJPHVJDLPd@`BP^TVVHZCZKOOJP?HHIFSOm@Bi@D{FB[CaAH[@c@@gHJe@?MDu@AwABa@BU?YGMCe@BYK_@DW?e@Jk@AKBSJy@GYLqCAgAGA@GKOIA@?JUFc@LqCHoABkBBG?BJCLG', 'resource_state': 2}",False,False,False,False,everyone,False,,"[40.00602697022259, -83.01083193160594]","[40.00578934326768, -83.0109288264066]",2.563,5.464,False,False,False,232.6,220.1,11639690203,11639690203,5E0511F0-7161-4A13-9216-2C9A9098EF23-activity.fit,False,0,0,False
2,"{'id': 61462649, 'resource_state': 1}",Morning Run,1865.4,663,847,8.2,Run,Run,0,10868166773,2024-03-01T15:32:27Z,2024-03-01T10:32:27Z,(GMT-05:00) America/New_York,-18000.0,,,,0,1,0,1,0,"{'id': 'a10868166773', 'summary_polyline': 'ssdsFrbtyNAoAG?G@BHGV@LWpBIrA?LFPJPAp@B\\KhB?j@IhCDLNAKb@Cn@CVIFAz@EXDlACDAR?jAIl@KD[^ELLPJBFDH?HBA`@FHDLJd@A\\MvBQrAG~AC`B?`AAJ@f@E~BBDCn@@t@JT@J?AHDKFGw@@sG@e@DWC{@JaEBiCAYD]Bc@Ai@BcA?aACYBH@EEI@]@GJGEY?q@FqBDc@@c@E]BsALuAAQ@[A[DcFBk@AKJaBDKJI?G', 'resource_state': 2}",False,False,False,False,everyone,False,,"[40.00586553476751, -83.01113829016685]","[40.00582060776651, -83.01090921275318]",2.814,5.01,False,False,False,232.8,223.8,11616733670,11616733670,2696AE8B-8314-4881-9BF6-120E301B8280-activity.fit,False,0,0,False
2,"{'id': 61462649, 'resource_state': 1}",Afternoon Run,5876.3,2698,4297,10.8,Run,Run,0,10809340479,2024-02-21T17:40:56Z,2024-02-21T12:40:56Z,(GMT-05:00) America/New_York,-18000.0,,,,4,1,0,2,0,"{'id': 'a10809340479', 'summary_polyline': '_tdsFnbtyN?HRi@MQMEE@?BBACDApCB^Gd@Fp@IfAEjCDb@DCBD@JNPBLCB@FANc@nAGf@Ct@?NErB?\\FTC\\BdAEf@B^ADCA?d@CCBCAAEHCT?rAKpHIjC@h@CtA?dDPj@Kb@]JSL[KG?OOk@_AOa@Q[EC?GCECCEKc@e@a@s@KIIOGSQQSY[]i@q@k@i@IYQ]c@s@Y[c@[KSOMEWKOMc@[q@e@k@q@c@SW_@A]HSMEAKBa@KE@]AIIQ@]GSGS@UK_@IUIs@IUIKAOIMBSGG@KEY?YKU@WGG?SGM?wAQK?i@Oe@Gu@OM?QIG?GFe@C]MK@UCSBGCUH[@UD]?WDSLAGIEG@g@La@\\STgB~BIX[VK?UBGCS@GDYGSHEA_@BOAEBUAQBOAIG]D[GG?GAM@w@KY?ICg@Bg@Qe@?Q@]ESDO?GBa@`@UdAYfBCh@K`@KhAGLGd@EF?XGZ@VMVMPc@Tw@Fw@@c@AYHIJc@dAYh@KLIRi@n@U\\C@@NB?HUJGD?DYNK@MHK\\[JUD]?GV_@BGCIFK\\C`@Ip@@PBf@CHBNALENO@G?KFODAD]?QFE?a@JWHE?WFc@DGAI@G?MFOAEDQAMNc@F{@AOBMN[@ILc@HEJ_@L?@GDAC?HCHBt@ABIBR?C@?JGLCl@DJFTBN@DELAFDLA\\FDCH@^FXCTJDAj@ATNHAFCFAb@DTGNBDAVALBBA@@TID@BEPI@MB?DI?OBCHWFCb@q@PKn@m@Ze@LA?EFAH?@BLEd@?@BBCCD\\G^AFKNCZ@~@MB??BD@FAD@A@PB~AHBDl@?TLJ@RHb@FDAFBT?THRCLHLBBAHDN?LBBAl@LP?BCJDRAb@JLCDFD?NHBC\\PJ@HARHFADBRLNFJJB?@ETFFCNBF?FBT?JDTALFF?LFT?XHTCH@J?xB\\?B?CD?FI@m@Iy@Uy@DQFI?GF@BQFEFa@DE?UBAHo@CUQm@?y@KGLFKIJBHAJIHWA]?@CGDABU@ADk@DOR??C@B^BJDRADBDATBFCHDHGJHLEJ??FBFNAXFFA?A@@ABD?BDX?@ABDD@DAFFd@FZ?DSFG^?LFDAPDL?ND|AB~@qGBy@BGFCn@@BG@[AW?q@FkADCp@BPE^J', 'resource_state': 2}",False,False,False,False,everyone,False,,"[40.00592580065131, -83.01111901178956]","[40.00508526340127, -83.01154137589037]",2.178,4.898,False,False,False,232.5,220.1,11556038640,11556038640,910B91C3-99FD-4D47-8DC8-C9E401D030F4-activity.fit,False,4,0,False
2,"{'id': 61462649, 'resource_state': 1}",Lunch Run,9665.6,3928,4184,26.3,Run,Run,0,10794541940,2024-02-19T16:05:20Z,2024-02-19T11:05:20Z,(GMT-05:00) America/New_York,-18000.0,,,,10,1,0,1,0,"{'id': 'a10794541940', 'summary_polyline': '}rdsF~`tyNONK@Mr@EhCCJBfAQnH?XDR?XETCVCfA?NC`@Al@F~@KpC@j@HRD@?JKr@M`CMnE?f@Bb@Cd@CHCjILj@?JGV_@RCHWIGGa@SEGwAiCeAwAo@iAkCaDO_@q@gA{@u@_@o@Wu@Q_@CAIQm@q@UQ]Qc@IsAOOEi@CWEQC[Km@Gm@Q_@E}Ac@K@w@Ou@Es@KyAMs@M_@KOAICcAK[Ge@CSGk@?YDGDi@?}@HWNABCIMIk@FIFo@l@aArAEBKPq@~@SLMDS@GDMCIBu@@S@m@Ic@As@Ia@?YEe@AQ@e@EO@w@IaAEu@DYVQVQbAYfCI^APOt@?LY|BEPS\\a@XOBk@@uAC_@HGDMPm@~AKHmAlBEDSVs@f@SBaA`@}Bj@a@PI?_@Rm@N]RQPIZCZDREVa@x@GF]LKF[JEBODULe@PYD[NYDe@@OFO?wATOC{AAw@Ks@Qe@EqBEc@@k@HOEGm@?S@YAe@@g@BQBgBAq@F}AGQMMOCmAGiDIGAKG_@ACBCPMBYEa@?aAOg@AET?`@E^CpBK|@An@EPEpEBXC^CHH@Fk@B_B?qCJkA?_AEa@Hm@Ak@Ho@TA|@Jn@CJBPK@EXA\\?HHXCZB^?JBv@BHHF@tA?LDJLBfCIxB?`BC`@B`@H\\BDJ?v@KVAz@Fb@?xCb@bBBP?XEFC~@KP?l@Ez@YN?TONAXSPGR?NERKPOJMNYPaBLU@KDCJC|@g@XGJIb@IlA_@RCnAi@TCp@]JKBGLK^a@lAgBf@}AZ[r@EzA@PA^IRS\\wABULe@\\uCH}@V_BRm@`@i@FCTEpA?zEPJBjCLH@z@BZAj@KTOXg@@G^c@N[h@g@b@k@\\WZE\\TD?LWDAL@RCPIVG^@`@ET?p@Jv@BdBV^Lr@Fh@Jd@F^Jp@@VFV@lATHFNBBBrARXHhDh@\\@?@JAXHPAZHVLn@^DHLF^p@FXNZ\\j@JZ\\TTRZb@n@rAn@l@lBfCFDPb@XTP\\\\ZZj@Pj@Xp@XXh@FFBJLPBBGLMDYOe@@MBwHFQ@YE]FyAFgFAc@Ly@@o@CU?iACOBMPQGWB[Gc@?mA@_AH}ACe@JoD@M?}@DcC@iBJeD', 'resource_state': 2}",False,False,False,False,everyone,False,,"[40.005757827311754, -83.01087157800794]","[40.00593267381191, -83.01090988330543]",2.461,4.786,False,False,False,232.6,220.1,11540845601,11540845601,56C0210F-8FC5-4E4D-8592-5CE88A2E041F-activity.fit,False,1,0,False
2,"{'id': 61462649, 'resource_state': 1}",Afternoon Run,19342.4,7784,9104,91.8,Run,Run,0,10735882555,2024-02-10T16:15:48Z,2024-02-10T11:15:48Z,(GMT-05:00) America/New_York,-18000.0,,,,2,1,0,1,0,"{'id': 'a10735882555', 'summary_polyline': 'gtdsFtbtyNNGSc@HOMvAMzCJXAlAE|FKb@Pd@YjEDfAEvBDBIlART[lDUnJA|HNXVH`BFbAU`AX~BLHaAFcF\\BJODwKXKbFdA`Ed@zDNlAIb@x@KVLlJQpBDRf@`@pA\\`AQnBR|AG`AUnB_BbAMg@nDDr@|B]h@k@~ALR|@nBp@HxA^zA~ADnCf@`DIxBRtEAzATl@GBOjCDzDZxA^HM`@BhAd@`ADtAaAZ]Km@JoD\\s@?_@LSIOF[`@w@`@o@rAiAfAc@vDa@t@JzAj@Q|GHR?h@QFzBVzABjAs@fAAn@oATRNWj@OhVuDZ_@\\h@ZDhB@`AYxADvB[~@GfDRhBd@jCKfBHhALVXVKHJb@@HTdAp@Vj@f@N|BXn@W\\PvA`@nA@hA]Ag@Xb@bA{@bAuAlDeAhCgBEm@{AcETT|@hDPPL@j@i@l@AB[z@@Iy@H{@`@cBN_@V_@eBgEMwA?k@r@wE^iBLQLiAJMF}@v@sBRcAG]HOO_BPmC_@wDFuA^mCY{B?oBVcBTYESp@oAToAb@mAdAoAdAe@tDyCx@{AmAB?S|@c@dAkBnAaAf@{@hAy@pAY|A{@tBKPNxC^`FtB~ANNrAwCpJm@Mk@LiC{BIc@eAEz@RdBbBdAj@B`@f@d@K~CQR_ATgE\\_Ap@ATMVSBi@l@cAEyBq@]aBE}BkA_QZ_@zBo@c@b@eDhBOVRRHU_CpDs@|@aBpAiB|@mArA}AtEe@dAS`BGlBZ|Bc@fCKfB`@bEMdBJ|D_AbCmBpJBX]bCBhBpBxEk@v@i@vBG`@FrAsBZkAnAoA~@kDhAaAt@sAzA_Bn@AIwAJiEE}Be@_Aw@i@u@i@CaAc@_Da@sCDmA[cAKgDMgB^uCAk@TuAJy@?WUBImDb@}Ad@aD^URg@GoItAiAp@Mj@qACmCp@iA@KUBcCQSi@BKhCPGFq@E_@H]DcEQq@iA_@{BMoB\\kAz@aBlCg@lAGt@KFO|@WfDYEgAdBa@BENm@CyAm@iGe@iF?sAQ_E@yBOgEFsCe@eBQUi@CkAMg@gAy@_B@_Er@QaAl@qEaAD_CvA_D^aAWcBHsB]@{HHKUcFGg@MKkCFeEK_A]yBKgDaAm@EIXEtAOfQG`@_GIsBI]UAQD}HRkLJ}@F{CCQSSVu@FDYmAXkDNqFAg@MOHa@NcGDeF?Z', 'resource_state': 2}",False,False,False,False,everyone,False,,"[40.00596385449171, -83.01114742644131]","[40.005935272201896, -83.01049212925136]",2.485,7.62,False,False,False,233.3,215.3,11480286493,11480286493,4F02631E-90F5-4F3F-B891-C2EA3EED626E-activity.fit,False,0,0,False
2,"{'id': 61462649, 'resource_state': 1}",Afternoon Run,8159.3,4000,5406,20.9,Run,Run,0,10728810254,2024-02-09T16:52:46Z,2024-02-09T11:52:46Z,(GMT-05:00) America/New_York,-18000.0,,,,1,1,0,2,0,"{'id': 'a10728810254', 'summary_polyline': 'cudsF`vtyN?JHG@DOxDDhAAFCC?FDBAFDPCD?E?D?CB@EHKDCF@JHLI~BAGJGCBDBEnAE\\WhFC|E@rAEfABB?z@EJAJHnAJXCNQLSBSAw@_@O_@[_@m@mAs@{@KWUUM]ICU[KSeBoBSq@a@g@IY]W_@MGOKK_@s@Ke@]s@e@o@QOKAKKm@Se@ECDUCWEIGq@AQI]A[OKBo@W[CWMYDUGCGWGcAMBCKCg@?]MQDUKQBOIGBQKe@AQIUCKK]?]SM@?FCEw@EQI[Bs@QWBSJOOUP_@EYJWEm@TCCBMo@CgApAu@jA?FKBo@bAYP_@JEJI?IGWHaAOEDQ?s@MUIg@H_@CKGUB}@Gi@BUKg@EOB}@GWBMJI@SXK^AVOx@@HEPCVGTEf@M`AIV?JO`A?VGN@PK`@S^{@TaD@KVG^OXALGTSTSJKXQNYl@_@h@]LQLCFWDQHOJc@FOHQAMLi@DCDSJKC]HOLGEGNUJOAKLUBWVO`@E^LZILEVKHEPOPYLu@P_@Lg@V_@Bo@Tu@DWLYA}@Te@I{@?y@MuA[]B_CGq@NKICQF}@AsAF_@@yBC[DYAcA]g@gABk@EGDPFz@Ch@HZAAfB@r@DLEHIdBBTA\\C@BNCv@Bf@LVNDnAST@RHfAArBb@dAB@Fd@IFD\\?t@Qh@CHIr@Bj@WN?HKPAr@_@bAURUVMBGCm@BB?q@DQ@QLSf@SZCPO\\KNBb@Wb@IRIJI^EZWHBDGPAJOAFXI`@YBBLEHQ^Y@KHKLI@INQEEZWLMTk@Je@R_@DSDIzAI`ALLGR??EF@G?d@S?GDEEI@KDUDFp@sFFO?WNu@B_@JU?OJa@d@u@p@KFDbACv@JdA@JFh@Dz@CbAL`@G`@D^LPCZFlAe@Vc@BSJGBItC_D\\Dp@CFFIG\\GACLGVBzAI~AT^@THd@@\\J|ATd@LZ?^L~@NFIh@D`@LV?TLf@FRLf@F\\Ll@LlCVTFl@?\\FZNVTBH\\TXp@DXHLBJTZTh@lAhAJ\\NRFRfElFNDCAL@AJPTFBFPNFJPDXJPBRp@vA\\Ph@JHIICDCRJFIFABKQmCAgACn@?iALcGCGDSBqBCSDcCHw@Ca@DgBEYB]Ey@Li@AUH}DAFH}ACm@JoAASFYAa@AGOKFMLuBAm@HeBAF@GGS@QFI@[BEBUHGDYb@[BJNC?MFE', 'resource_state': 2}",False,False,False,False,everyone,False,,"[40.00610006041825, -83.01424831151962]","[40.005512572824955, -83.01067820750177]",2.04,5.934,False,False,False,232.2,220.1,11472992016,11472992016,5500EEDB-1945-4623-ADE4-6015A246982E-activity.fit,False,0,0,False
2,"{'id': 61462649, 'resource_state': 1}",Lunch Run,11285.1,4443,5142,31.0,Run,Run,0,10682142934,2024-02-02T16:28:11Z,2024-02-02T11:28:11Z,(GMT-05:00) America/New_York,-18000.0,,,,5,1,0,1,0,"{'id': 'a10682142934', 'summary_polyline': '_pdsFdctyNeBSCGE?Co@CEQ^DNEp@HhA?z@E~@It@MrD?h@C`@Bl@?p@Eb@AxAEr@DdAI`CCH?VGLTb@ABFBIj@IzAOrCGvCE`H@hCLp@IVBJQEMFg@@k@g@iA{Bu@eAi@cAWOg@w@cBqBWi@Wa@IQ?IkA{@GU[i@a@kAW[w@u@_@So@CaD]WGQK}@KyCq@o@EWIO@YIo@EGEa@?GGI@_@KeAMi@Q{BW{@GqBZSE_BD]Je@b@{@nAWVo@jA]Vc@B{B@uBUsAEMD[@{AUeAAs@H]PO\\Ov@c@fEMx@KX@HWdBCPW^OJYFGCw@FcAE]HMJe@jAcBlCGR]\\CHe@Ze@Dk@^}@Hg@Ts@Na@Ra@Fe@TWFa@b@G\\?v@Uv@KNg@Tu@RGACFQJaBf@oBLu@NkBAaDk@eBCyANGGCM?g@DCGsABoAAcBFyBAISYKE_@DgEGe@O]AKVm@CSDiBUSNEXBrDEP@HIx@@n@KhC@nAEXDAc@f@aB`@IH{@N}AJUJAj@D^Av@Tx@ATM^g@ReALgAT]@{@X[FQEoBX[Ni@\\e@^ER{@rAc@Fe@T_@COGQFMGKDHFLCl@JLIh@Er@a@Zc@BUXSh@m@j@_@~Di@NMd@ETIbAIbASz@]BYEw@QiBC?C[FSRIv@Kp@Bd@SpB]\\OH_@HcABaFDsBBUA_AD_BDITGjARd@?JFPKBOH?^BPLpB@P@XJDCbABf@FDFBXC\\BRAPBnACXCpAB~AERBj@NTfAKdCBbB\\jCLvBWt@CxAc@p@]z@QZQLOFSJMHmANc@HM|BaAjDaApAo@r@c@`AqAd@y@NIHi@Rm@HQROhDAd@SV_AFa@@_@Rs@Fm@H]f@oETw@PSNMz@GpABlALt@AhAJ~A@XF|ABl@Cf@]\\k@NI`@q@xAmBLEpAB|@YbAA\\I\\Ll@?tAP?DZ?dAXxALb@Np@FJAXHxAPf@HLJn@NPAnBb@ZB\\LHC~BRjAb@d@d@\\h@`@dARTJf@LLn@XBNJJNTv@~A~@bAj@x@r@h@?FTZZTJ^ZPHRLp@p@vAPLt@JLH@HHUCMDDDCJUQi@B_CCsB@eAHm@C_@Dw@AYBM?iDDmBFUF}DBABWBu@A[GUDeCBo@DUEy@TgFEW@mCTkDCkCRRBA', 'resource_state': 2}",False,False,False,False,everyone,False,,"[40.005281399935484, -83.01122495904565]","[40.00579345040023, -83.01070595160127]",2.54,5.126,False,False,False,232.9,220.1,11424745997,11424745997,85B802EC-5EDB-4373-9E90-38E49E6D0E3A-activity.fit,False,3,0,False
2,"{'id': 61462649, 'resource_state': 1}",Afternoon Run,6451.2,2251,2785,16.3,Run,Run,0,10669340526,2024-01-31T17:49:49Z,2024-01-31T12:49:49Z,(GMT-05:00) America/New_York,-18000.0,,,,8,0,0,1,0,"{'id': 'a10669340526', 'summary_polyline': 'osdsFz`tyN]HLSGF@JDABFMz@Fj@@f@CVBPCL?TBTGT@PGn@?VOhB?LBVEv@BD?J?l@@\\?@BC@BIVEbA@XE`BHf@O`A?f@AJCEB@?THBBFKDLHMDCHF@@H?TDNGt@?TKpAAj@ETKxCApEGdB?~@A\\@nALr@?NGJ@DC@KAYDCIQOKR]WYa@[u@SUIUi@y@[c@O]MGIU[]GCeB}BSOG]k@}@]a@c@[_@g@e@uAMYw@y@SQm@WeBKGCOCKCK?GAGB[IOAa@MSAKI_@KaBYOGe@Gg@?QGE@SGECm@?e@MM?_@KGCMAIGKAMFOGQAGKSCMB_ASuAGWKm@Hk@LU?UDCFIEM?m@PIQM?c@J}@~@SZQNGLg@j@Kb@ONMFg@HEDSBSHM?UIYAOC[B_@Ig@CIBGEI@OGEBMAa@EC@KC]?K@O@{@K]?KE_@?GCU?e@LMJOTWx@Ep@GN]dC?JE`@UpAE\\Ab@EPMXMPULWBEBI?aAEo@?WB[Ze@xAWl@FORYNu@JMDWJMJANERA|B?\\KPMLSFm@FWBCBYLc@J_AJq@DEHsADM@[RsAZm@RSF?RIDDX@TSHFbAFBBlAFPCFBV?XDZ?NFNEJBLEPFX@FCVFNCx@Jd@ALK\\KBEHANUFUb@g@R_@j@c@d@s@POXADCH@l@?RC\\KTAHEj@?XEV@TFFAJ@LDJAX@\\FFDf@@FAj@Rx@LNA\\HPATHdARdAFV?NHTBVPx@HhA\\X@TFFDL?`@FHAb@HFAVHvA?n@VBF\\ZXd@PPDXLPBJLTTp@VJDFVLP`@X`@HTLJHZf@f@@FZZX`@FBPZ^^B?FHJD?DCAAB^XL@TP^\\Rt@ARNr@ADLPFTXXPJNB^@FBJIBP@IHEDSO{CBgEBu@AQ?SD]Bs@?qBFoB?UCUNy@?_@CO@OAMD_@EW@[@OF]E[BE@IDB?AAa@AHCU?o@BsBBo@?m@@ECQH_CCs@@I?OF[?cADw@CaA@ICKCoAJQ?k@JkA@c@AIB[ACC@GM@GBOJI', 'resource_state': 2}",False,False,False,False,everyone,False,,"[40.00584458000958, -83.01084961742163]","[40.00588330440223, -83.01011200994253]",2.866,5.314,False,False,False,234.0,220.1,11411620725,11411620725,8C8B71E4-CF36-49FA-85D6-1BACE98A9246-activity.fit,False,4,0,False
2,"{'id': 61462649, 'resource_state': 1}",Afternoon Run,6456.4,2421,2485,15.0,Run,Run,0,10662373431,2024-01-30T18:11:09Z,2024-01-30T13:11:09Z,(GMT-05:00) America/New_York,-18000.0,,,,7,0,0,1,0,"{'id': 'a10662373431', 'summary_polyline': 'wsdsFb`tyNI\\BDCFA~@Bl@?~BIbAIhBC|DDf@Ij@Ep@EbCDxACbAFN?LD@AFDB@TUh@BFBCB@@ACJCl@QbBQtECpA@ZGdC?zDCr@@LJ\\BRCNGDIBMAIBW?GMGBE?UQ}AqCGGOY[a@a@y@UO_AkAWWo@{@EEUe@q@gASWKESOYa@Ue@Ww@{@iAe@c@OGcAOY?WEOBc@QUAKEW?SCWM_Cg@SAQIK?]G]AQCW?EEI@OG[?CCWIa@AMCQKI@}@MUIUAIEG@GE]Aw@KG@MG{@Ia@B_@HYAQFO?KDOAe@JCHIUECKDO?QHe@`@_BrBSRUh@ONg@T]AGFi@EOBMCG?ICS?q@IYBe@KQ?GBOGk@EIBGCGBECOBCBIGS?QG]A{A?WBQFQRYfA[fCMp@Gn@Mz@ARIXGz@GXILGHSLi@Jq@CsAAWJk@rAET[b@QZ?@B?JWP]JMLWDUR[DOJIj@IlBFVCLCROFKVaAFi@AIJ[Hs@Lk@XsCTwAHYJIHQJITIhB?hBJf@A^D`CHRBRAj@FFAPFPATBFGZCJKLCJSHGJWl@q@b@o@z@aARMF@RE^LRM^ETKfAIHBFCLAd@HJCf@JLA`@HL?JDP@TFH@d@Jz@FNDTDN?RDPHfAHDBRBf@?\\LTBb@PDATBTHN@fB`@v@JV@j@L`ADd@HLF`Av@^r@BNh@nAXb@j@b@t@lARb@x@bAZXz@hATPDHCBBHVTNP?Fv@~@~@~B\\ZTDp@FBLBBDC?UB?BGBIAMMa@@g@@eF@m@D[Ew@NoG?{AFg@Di@?g@H_D?[ESAUAi@FyAAUDi@Aa@R_F?yABU@wCHmC@u@DK', 'resource_state': 2}",False,False,False,False,everyone,False,,"[40.005886824801564, -83.01073260605335]","[40.00588858500123, -83.01082396879792]",2.667,5.032,False,False,False,232.8,220.1,11404484368,11404484368,04041297-45D3-4AAE-BC6D-46C61458926E-activity.fit,False,4,0,False
2,"{'id': 61462649, 'resource_state': 1}",Morning Run,9661.1,3628,3822,27.0,Run,Run,0,10654040305,2024-01-29T14:32:37Z,2024-01-29T09:32:37Z,(GMT-05:00) America/New_York,-18000.0,,,,15,0,0,1,0,"{'id': 'a10654040305', 'summary_polyline': 'ysdsFjatyNA]?JEHAjAPL?bABLGd@@fAKx@MzBD`ES`@Gn@BTIxBBn@DTAd@BTALDTDGDHGRFF?NET@LQn@Ih@QvDQlI@tGJn@CXKJ]Ke@JHISAUOWc@Ys@g@y@KG_@y@a@e@CKOIIQe@g@g@w@aAgAMSK[{@mAi@]Y_@]{@Oo@y@_As@i@O@SIi@AkBYS@s@QM@yDaAq@Ag@Q]Bu@Qo@E]O}@IUK{@GKGc@?a@Ma@@e@GEBg@FSCiAJMCo@AGE@CgAf@wBjCi@x@KVa@PMCg@JiCWQBe@IgA?UGiAAQGo@@]EcA?a@L]^IZUnACj@Mj@GfAEDC^WjAITKlAQ\\IF[H_A?kACa@LU\\Mb@KNI`@GDKTMLO\\URi@|@MLa@Xc@JUR?Fc@?QDy@\\q@Tk@JEHMAULw@R]TOXAhAGF?FUl@KNgA`@YBSLiAb@[FS?qANo@L{BC}AWgBQ{BFUHICIMEs@@uBFWCS@eC@c@FYA_@EUKMEAi@D_@Is@GmCAEE[AG@IVM?gD[IDGTBf@?REL@d@Eh@?`@EXDXIr@Ah@JW?WDc@GSF[Bc@?]DQEe@?]DICi@H[Z@ZHv@J|@@DE@On@DDHp@A|@LnCBFDJCD@DN?~@Cr@B`AKdB?|BD\\HNVBdAMtBF`C`@bBFdBQ|@E^Gx@WZMNMh@Qd@I^QPQP_@@UCOD_@F[T[n@W\\WZEh@UxBq@\\GXUx@S^YBI\\UN[d@g@Pc@LGDIDCHa@T_@Pk@jAOxABXE^UNk@NuATq@@YDQT}AVeCRw@^c@l@Op@Af@BFDTANBpCB\\DTCfARpAB|@A^ITMPW@MTQBG\\[HUn@{@p@w@~@ANF`AWL?NEHIBFHBPEh@?JJRETFTAt@FdCd@tAL`@L`@Fz@@HFP?`@NN?j@TbBTfBb@x@DJHRApAN~@Zp@j@V^JXF\\Zl@TZd@^d@j@Xj@HDHZLP?FXTdC|CHD@LADJPNJDJRLFTJHNNR^Nj@b@t@XTd@LRXPCANVg@@KAMM]?cEBeDJgDA_ADmDLmACkABG@WD}@DKCu@I[CY@eADcBDk@Ci@Fg@@_AF[Cq@BWAo@BeDJ}@AUDUBk@GoAFcC', 'resource_state': 2}",False,False,False,False,everyone,False,,"[40.00589160248637, -83.01093368791044]","[40.00592621974647, -83.010229524225]",2.663,5.616,False,False,False,233.8,220.1,11395937449,11395937449,29A3450E-ECEE-4C2F-A029-8FBB022B6596-activity.fit,False,11,0,False
2,"{'id': 61462649, 'resource_state': 1}",Morning Run,4746.3,1712,2232,14.2,Run,Run,0,10576398089,2024-01-17T14:43:50Z,2024-01-17T09:43:50Z,(GMT-05:00) America/New_York,-18000.0,,,,2,0,0,1,0,"{'id': 'a10576398089', 'summary_polyline': 'csdsFfatyNIOGACBOVCX@j@CRDp@ETBbAI^CZ@f@Ev@CbADzAAdADPHDIJIf@QpDFz@GRDhAFFF^ATKBMNJV@LAJEA?j@IT?VEl@@lAGxBAzCGdAA`AB`BA~B@JJ`@ANEHC@_@ECB?FDED@JGAGEEB@@@m@SAPSAICKO_AgBCMk@{@QQc@y@m@o@s@y@KQMKm@s@Ui@q@oAs@e@W][s@]kAqAgAg@UqAQECM?GBQG_BM_@MMAo@OSIo@IKCKASGm@Ia@Cm@QGBe@G]IIGG@WCMEUAKIi@?i@MK@}@QK@]Ic@@EE]GmAFEBm@@EAKBY?]PM?EE]Bw@t@KPk@p@CHG@OXMJOZD@p@}@BGZ[Vc@BQPKBGHGFKTETBDAp@FZMj@ON@f@GFEf@DhAPn@@TFD?LBDDF?dAPf@B~Bb@pALpB`@ADN@PH\\BJF`@FT@RF^@RFR@NDV@PFP?`@EHDRDv@d@j@d@RVLZBPb@|@HJFPp@d@HJv@rANRDNjAvAVTLRZ^?BTTBHHDBHTRFLZZXj@DD`@fA^r@JNPHd@HFJ@HD?FHV[@MFIBUO[Bm@@cFBu@De@C]Bq@FiE?mBAKHg@BqA?i@CQ?m@BOHKFg@Ey@@kBDw@AkBDYAIDSDi@BQ@e@BICG@OCc@@WEeA@sAFs@?SF[CEDUEKFUEG?SPU', 'resource_state': 2}",False,False,False,False,everyone,False,,"[40.00578389503062, -83.01091927103698]","[40.00580158084631, -83.01100895740092]",2.772,8.114,False,False,False,232.5,220.1,11315724692,11315724692,D2762E89-8B6B-4EDC-8334-184C9DCA456C-activity.fit,False,2,0,False
2,"{'id': 61462649, 'resource_state': 1}",Lunch Run,8155.6,3213,3485,14.6,Run,Run,0,10564343634,2024-01-15T17:00:26Z,2024-01-15T12:00:26Z,(GMT-05:00) America/New_York,-18000.0,,,,5,0,0,1,0,"{'id': 'a10564343634', 'summary_polyline': 'krdsF~btyNIa@Q?MPK^EH?FCFGt@EPGDGx@BjAEv@@f@OlA@LKt@Bd@CHLZNn@G\\Gx@EN?TAFA?A`@?TDP?RAFICBLCDCn@?d@KREH?FCF?JNl@\\R@PIpAAEA|@@TEn@?v@KtBCzBCl@Bn@G|A?ZC^@f@C|@BZDLF\\KJO@OEUBCFAGA@@?EDW[w@_BYc@Wg@a@g@KGCMQWMIMU[YAGIOWUaAmAYo@}@wA{@{@KMMYm@aBo@s@]Wc@WgC[s@AIIMCaBUoDaAQ@WGm@@u@Kc@Me@AIB_Ck@o@?IEe@KiAQS@]Jm@Da@CWDi@EE?EPm@BKFe@j@s@dAaAfAELs@`@s@HQCe@BCEw@Ea@Qo@Aa@Dc@KODq@@sBOEB]CCGS@IEOD[RKJQb@y@lFEb@Kj@?RIRMtAUv@MHo@RQGYFqAK_@JU`@ET[|@sB~CONYHg@XO@]Ta@LGDs@Fw@\\u@LO^CCAIGHe@Fc@VUh@CRBh@GZOXSTUFGFGEUBADMFe@LWNk@PUNMBq@G_@HECQ?UJe@HcA?kAEgAUm@CHFfAP`DRb@?rAWt@?dAU`Bo@`@IXU\\e@HYHsALWd@Wb@M\\Sr@U^EHK`@KLIb@KJGZEzAk@XYJCn@gAZ[Vc@L]FGDWBECG@KBCFSVWVI`AF`BENELQJ_@AQHs@AKHOHg@FGBe@F]JQFi@Ja@AMX_CHO@OZ]f@GbABLFlAAVFrBHRIPHrAB|@JtAAXM^[PYBKh@q@FOd@g@p@_Af@Cx@BJId@ANKJEFDt@?JEFDv@@^D@Dd@BBC~@LPHb@B\\LNAJFPDf@FT?ZJd@BLHl@ABDN?fAVp@LP?TL`@Hh@Bn@Pd@?`ARbAHFFXFx@^b@d@Th@F^r@tA\\XVJb@p@n@nAXT@Jf@l@|AbBHFJDFARLTDRRBLb@l@BHAJ@XHJBRPx@P`@PJjA@IMEHFB?KFC@MAADIM[@aACYBeDBI?w@D_@G}@RiEAs@Ds@?i@DY@[?MCIDmAAI@e@?KJUC]@]BEHE@@@EVHFGJD~@E^QNBDAB_@?c@Oi@Wg@i@[@]YMg@CGGM[?s@Bu@AkAPaA@g@?aBCyA?{B@OTe@AA\\]', 'resource_state': 2}",False,False,False,False,everyone,False,,"[40.00566705130041, -83.01119553856552]","[40.005687922239304, -83.01085908897221]",2.538,6.584,False,False,False,232.2,220.1,11303275863,11303275863,F51E70D1-D664-4C03-9BC2-DAFEBDF42743-activity.fit,False,2,0,False
2,"{'id': 61462649, 'resource_state': 1}",Morning Run,4773.6,1687,2436,11.9,Run,Run,0,10531330604,2024-01-10T14:28:44Z,2024-01-10T09:28:44Z,(GMT-05:00) America/New_York,-18000.0,,,,1,0,0,1,0,"{'id': 'a10531330604', 'summary_polyline': '}rdsFfatyNB_@IAIJI^IfAGzAC`CEfAGbDEn@?h@Db@I|@GpC@f@DXC^CFAdAADIBDVARLr@DHStBItDEh@CrA@j@Cp@C~HBRPf@CB?FGDGPABE??Bs@QSMAJWYYc@Wq@Yg@cAuAKYQQS[iAwAGMcAeAEQa@k@GOW]SSICWY]q@Lg@AI@KCKBIA]BEK{BB[?a@JmAJo@La@PYJKl@WRCR?^D^PZ^N^?FT~@Hf@?dB@T?REl@@NP`@PNJPDPGbABPCx@@PGVGFIBi@AoAFg@?KC[U]k@YWUGW]Qa@Lg@@a@@BEmAEe@AaBFcARsAFQLS\\_@d@S^Ap@JPJTRXj@H|@FJFdA@bAFl@EXx@rDB^ITBVCVITMP_@?KAa@BMAQBe@@a@CYQQ]OOKQECIKMCGIe@q@AG?ON[AgBGkADgBLcAR_APW^WZKTEl@Dd@TXTXr@BLDbADT?VF^J\\Gb@?ZENh@nHMPE@IEmAJUAO@WA_@EqA}AKCY[QWCO@KH_@EcFHuAFg@Pm@P_@`@_@xCV\\h@BJ@PARDFBRHdBBb@BFFAX@FCXD`@@ROZE~@BbAHTMDSAGMa@@}@AG?KFKJEB@BECBADI?KJHCLFEQCYF}@CQDSE[Bo@Gs@@a@Ka@@MNQBIDg@Ga@@GEe@I[DIVSZT@KM{A@ADD?GIo@CCGU?BCA?k@AMC@?CBEBBCYHuBHKJcAL_@BYC^n@i@X?', 'resource_state': 2}",False,False,False,False,everyone,False,,"[40.00575137324631, -83.01091214641929]","[40.00556571409106, -83.01066144369543]",2.83,10.05,False,False,False,232.8,220.1,11268524614,11268524614,239F0A0B-1C1F-4B73-B7FF-70FEFA27E8C7-activity.fit,False,0,0,False
2,"{'id': 61462649, 'resource_state': 1}",Morning Run,6492.5,2750,2839,15.0,Run,Run,0,10518213848,2024-01-08T14:20:24Z,2024-01-08T09:20:24Z,(GMT-05:00) America/New_York,-18000.0,,,,4,2,0,1,0,"{'id': 'a10518213848', 'summary_polyline': 'gtdsFx`tyNLKB@Ip@ErBCV@LCD?d@CNA^BZER@b@IxA?nAEjBBXEh@E^Cn@AjBDp@A|@Af@CFBLK^Fh@EN?^G|@MlLEbB?bFBVLb@EPCFOBm@GMEABIIMEIIkBsDQQC?EEUi@W[Wc@QOk@u@QOCIa@g@QMK_@W[KY_@c@KE[U]m@Uk@I]Qa@c@c@IM]][O[EWAECO?SKU@OGa@CSIQ?KACBSGI?c@Ok@IMIUCKE_@@OISCG?SKOCGCe@?YKUAACG@M?EAEEOCO?GCQ?UIEEO@QI[A[GWMG??AK?KCWAECg@Aq@KIBG?UIKBAAGBm@BUFIAWJO?ICABGECBk@B?Eq@LQNu@|@c@p@ONa@l@_@p@UHW@KAG?EDGCKBKCYAAAS@c@GG@SIMBYGQ@a@G_@@IGG?O@MEO?Y@CBa@IU?MCGBYCGDUIa@DY?KD]^OXIVG\\@HOx@Ep@Q|@M`AKb@?HGZEl@ETAZKXUPUD{@CYDiAACDCAI@MRk@`BU\\QPD@FKLG@KD?DEAEDQDI?GHI@OXa@AKTCTG|AFx@Cd@]FUBC?ULW@a@BEDA@KDEBm@JSAEHW?SBe@DGA_@TqBVkAb@_@j@Ez@?^DN?F@l@?LHRCNBR?TDn@A|AJ^E`@HF?FATDBC@@R@b@AFEREHKLGJYLGBIFAJUDMAIPId@g@r@cATI`A?BK@LLK~@IDE|@AJCBBHCPHdAF^J`@?NFFAZLRAn@NV@PHRAVDh@PnBP`@L^B\\LdAP^Nh@DlARv@BJHRDX?TDHCNHTFZNp@n@Xb@F`@b@`AFFBJPRXJ\\\\^l@\\x@Z^LFRZZTd@v@VTNTDA?BHBRh@HDRh@NJ@FADLJRX^z@LT@JF@PZPFTD^PBDFKDQRMBGAGO]?ODoA?}BBiAASFi@Ai@Bg@Ai@BYCa@BGBeDCs@Hg@Ck@Fo@?y@Fi@?e@BI@UFMI{@@g@CO?e@D[AOFYCQDQC[?SFK?K?]EIBE?SDg@HYEy@DaACiCDa@FUDo@?a@DOIAGQAg@@s@AE', 'resource_state': 2}",False,False,False,False,everyone,False,,"[40.005961088463664, -83.01084525883198]","[40.005944995209575, -83.01066664047539]",2.361,4.974,False,False,False,232.9,220.1,11254957421,11254957421,F4D32B6C-AF18-4504-A35A-34053C4619DC-activity.fit,False,2,0,False
2,"{'id': 61462649, 'resource_state': 1}",Morning Run,4941.7,1934,2317,15.6,Run,Run,0,10055043833,2023-10-17T13:18:03Z,2023-10-17T09:18:03Z,(GMT-05:00) America/New_York,-14400.0,,,,1,1,1,1,0,"{'id': 'a10055043833', 'summary_polyline': 'mtdsFj`tyN?vB?DP@EPDPC~@DJBVK~@C~@IpA@t@Ab@@XGt@@PCD@FAN@BIJCZEBAPBH?TGfBB~@BP?RHn@@t@Cp@@NIF?PMp@Eh@CjCEdAExEGjBAbCB|AFb@cAh@KCBAECQEKIgAuBW]OW][Um@_@k@[[}BuCg@oAg@e@KCk@q@KYQ[ESGGM[MGO_@OSEEI?QSSOKCs@OEBMIQ@]MO?GCE@KC[?SGI@IEe@E}A_@]Eq@QOCMEi@AGKSKKDQCG@CAM@ECG?GEG?MMQFOCGG]?MGI?SKGAEGGBQGeAEQEUAg@IMDKE]EYFYAWFe@AOHOCQ@e@CGAJJKDa@A[PEHUPa@d@GJ]`@c@l@?HIDERGBEL]PQAGFMBK?MDG?KCHAB@DCDDR?^I`@[DKX_@ASGMGCK?ACMBGCGWGJDNJEj@AB@?HDDH?FADIFC@O`@]f@q@X[d@IDB^CJ@tAYP?BE^?LEL@JFhAFNFTAB@@Af@LR@@BR?fATRH^F\\?VJPBJCLF`@ADBV@NFVBLATHP@JBBJn@Hl@PP@LFV@f@LHCNFd@FR?FDx@HLDRALJX@RJZJBDDANHPh@XXPt@HPFD@Pb@h@j@`@R`@DBDFJ^DDVl@z@r@HLFTVN@FVZHBTZNHPV@FRP?HPNFVXZ@HHBBNFDHZLR@HPf@LJLDh@?NDFHH?BWBA?DJ]GMCOD{ILcG@wCHq@By@?uACQBUDG@YAkDBa@?cABWAg@NyB@i@Dw@Eq@FwCJeBEe@BCEQAe@@B@o@', 'resource_state': 2}",False,False,False,False,everyone,False,,"[40.00599352642894, -83.01077694632113]","[40.00594088807702, -83.01086864434183]",2.555,5.736,False,False,False,233.4,220.0,10772681434,10772681434,24B2EF41-7935-48BD-A98D-C936EB44D35A-activity.fit,False,0,0,False
2,"{'id': 61462649, 'resource_state': 1}",Morning Run,4833.4,1803,1953,16.8,Run,Run,0,9968796583,2023-10-03T13:58:50Z,2023-10-03T09:58:50Z,(GMT-05:00) America/New_York,-14400.0,,,,5,0,0,1,0,"{'id': 'a9968796583', 'summary_polyline': '}tdsFh_tyN\\VCEa@hABb@DHGLLj@A@FDCF?FLTM`@?PM@NNEFALGBCDIVNfAEXBXEnALLBH@`@CDDBOl@BHCHDJCNO~CCHCEAb@G@CP?HBFADEGDRNNR^?RDROdBPBKZ_@HEHBHCr@Df@Al@Fj@?d@GtB@d@EjABJAd@G`@CzBDjBArARd@?V?BGEE@]\\I?o@[@IGAOQCIMGGIO_@@CGU?EUUMYQWIEE[MGA@AMQQEGE@Oa@ECQa@SMQQGKCKIG?IQIQSGAIQGCIQKE[w@MMYg@MQWGE?KSGGCKKMCOGEUk@EWYi@GGEAGGYQSWICQMMAG@WMQ?EAI@AGGCI@_@E[AOGCBECGBa@KEBGAKGE@UEC@EESCi@QS?EEYIAGUB]KKGIBWAYOG@GKGAEBGCWDSAEC?BEACECBGGYCE@EC]CEIQBKKA@QCEBAGS@KG[AEIMCG@YEIBQCGEW@AAIAKBSMg@AMDGHS@EEG?EEO?IDK@MP[@EC[AHX]IEEF?HDDEZ?NEDG\\DLEFIDADFFCN@FAF@PIHDLAFBJGVBHHf@DNHPEFE^PNA\\FPHNCVDLJHAJDDATHX@DDPENJN?@DT?PFN?DERHLCH@JJHCHFH?VLLG^NLL`@BLFBCVHBBDAf@JR@FDh@FNFHEXNLCDCD?FBF@HAFDf@HHDF@FFPALNPFBJNNJF?DFDV^HD@FAFB^PZD@N\\RTRJ?HDALFJN?HNVJLBHD@?FH@f@r@FNDFH?DBZj@?FBDF@PJ@FXZFBDF?FHTLFHCHPBRNXXPNXDRPTDNLNL`@Rd@DLNDJFj@FDFF?DAAMDIBCHABECIBIGGIU?@?]DOM{AFa@CW@i@EQFa@AUBS?WEM?K@I@o@FQAKBI?o@AWDM?i@BW@e@A_@Bu@AWA@BFFgAE]A_@Bg@DMEI?QBWA[Fc@LIEIIa@A[Da@Bq@F_@AGD_@?UCm@HU?SDA@KEY?m@COFaAGMBQCuABGBsADUA_@BIGw@AJAELqA?_@C@B?B]@F@MA]CJAC@UAKLc@Gz@@bA@N', 'resource_state': 2}",False,False,False,False,everyone,False,,"[40.006075417622924, -83.01060972735286]","[40.00593208707869, -83.01097911782563]",2.681,9.718,False,False,False,234.2,220.0,10682875211,10682875211,F9E9B38C-5676-49FA-A806-10A65184A167-activity.fit,False,3,0,False
2,"{'id': 61462649, 'resource_state': 1}",Afternoon Run,6692.1,2618,3438,18.8,Run,Run,0,9804829725,2023-09-07T20:57:24Z,2023-09-07T16:57:24Z,(GMT-05:00) America/New_York,-14400.0,,,,3,1,0,1,0,"{'id': 'a9804829725', 'summary_polyline': '}tdsFdatyN?b@P\\@^Dd@ATBX?b@Ch@EJ?^MvAEtAAXDj@AjAHXANKDEZOnDBn@DR?l@F~@@h@Ih@A^I`AOpEEzDG~B?ZBLCP?tD@RJZBPENGD}@AMIQIKKg@_AOSQc@s@_AIQKMIWOOCIYg@MIOS]]C?SW{@mAKWy@oAOMGAMOEC_@{@SU]cA[g@KCGKs@a@MAECQC[AOG?IJMD[C[@[D[AODg@Kv@ErACJ@f@CFG@YMC@I?IGOEQAIFGGG?CEECQ?_@MSCI@a@ISIo@KM?IDGJDN?GHO?EICGMc@IEE[ASIS@KGM@OCg@E?BA?DC@@AIG?CHM?MGA@CEIC_@CEECBKEo@BMUMAG@GAQB_@COKMEW?OEOCCCIBMEC@m@GYH[A?DC?GCG@SJQ?KEoA@IDC?GH[H[V[f@i@l@OLQ\\KNE@ALIFGVEDCRIDQO}@JICo@@_@G]@mASq@@c@EEBMAOB[CGECBa@CABC?IIKCE@IAG@q@Ee@B]PMPEBMTEVA@GPEf@K`@MnAGZC^@^@@GJEPITBHEFGX?VUtAUPSDe@@IEw@@i@COBAFFBTIfBBTCNCXUNg@Le@JkADIHo@Lk@@]BINkBX{ANa@NQHG`@GJ?FBVATB^AdAFJCR@XFHAf@DX?R@PAv@DDBr@@THT@DCTB`@AJGF??CNGFKNI\\i@HCBIDAZc@XWv@kARO\\Ed@JDE@Gb@A`@IFIJ@JBv@KP?d@Lv@DXBH?f@LTDV@VJb@DBFLCZJN?HDFAL@XJ~AHFCPFhAVZJPBDAVJt@NHDp@HTFz@JLDNAt@JL?b@Dj@\\JLr@j@R`@Xz@d@|@p@b@BFBB@DHHJR?FFDFH^t@j@l@h@r@HDl@z@HDHLVTDLL@r@vAPNHP^dAP^NRRLPBPHRPFAJMKEb@Gf@CdCFNDV?hAGXGFEAGqIg@CG@g@AmAFwED_@CQHqD@gEJiA?{@JaBDCACJC?K@SGWEm@A}@H{DAOLqDIcBB_@?gAJ}B?i@Fa@?]FWl@}@S?IUGADVKCAL@CEED?AM@ICKBECM@OCe@FUCCASCKAmA', 'resource_state': 2}",False,False,False,False,everyone,False,,"[40.0060713943094, -83.01090711727738]","[40.00593393109739, -83.00943600945175]",2.556,5.32,False,False,False,235.7,220.0,10510746601,10510746601,FEE2C6DE-37F5-450C-9F22-EA9FE2FBEEC9-activity.fit,False,2,0,False
2,"{'id': 61462649, 'resource_state': 1}",Morning Run,4829.9,1848,2106,16.1,Run,Run,0,9718241486,2023-08-25T13:28:12Z,2023-08-25T09:28:12Z,(GMT-05:00) America/New_York,-14400.0,,,,1,1,0,1,0,"{'id': 'a9718241486', 'summary_polyline': 'atdsFp`tyNMLBABHBA?FGb@@FChCFt@CLMV@BA\\ErCFxACn@Hd@@CMl@?ZIr@@zACd@B\\EV@RA@E\\@\\CNB`@AXDT?DB?BFI`@DX?JI\\IpAAx@OjCAnA@RA`@E`@BZCnB@BC~A@N?\\BBEd@Lb@@JCPD?C?AFIFI@[A[K@AG@?B]UQYIYQYQa@GKQOIKGSGGE?C]GOQMCGIEEIAKOKGOWSo@_Ae@g@SY[]M_@Ua@AKm@g@OECGGAc@u@GC@QMUKKA[EECKQMAGY[e@a@EIEAKAOGYDEGABQAEDKCAEMESF_@OG?ED]IO?II]EQK]CGGUASI[AOMIDMEIC?CI?EIGCID[AEKCBWECCIAUC[BIEQHKCCIIACEQBOI]IQAS@[MO@MOOAMBME?DKIWKMBEAGDO?IEI?EGc@EE@CEw@PI@IIE@GCWL]HOAu@O@PKAM@KDI?CFSJ]\\Y`@UP_@r@EBGNAHIDJYAGDD?CGBBACCEXBA@F@CEOVSB?BKRSXQNSVUb@q@JEHBRCj@NFCBIG@CAJ@`@GDGj@Mp@NTOf@LHALDRBf@@?BLBXAFDNAJF`@DPLX@@BNAHDV@LDDAF@NCZVN@PA?CHB^ALFh@@RHXDLANLZ@d@LN?HBFFHDFCPHJ?BBHAVDNJZHT?HB?DN?PCNFDDh@AT@HDREF@^ZNF@DB@LNADBPHF@FTJFJJt@Pd@D@DPNX\\HDDN@LHNV?FRR@TLPL\\BDRHDFLHBJRRBHZVTh@RHDj@F?DGAPLHJRXZP?FDF?JEDJTbAB`@b@n@FXJLLHH?LBr@?HKOIJN?@CABO?SIq@Bk@CkABYD_ECS?U@QDEB]A{@Bs@AO?]DoA@C@K?}@Di@BqA?[CK@GJE@KAOEQC_@HUDCSU?ULyDFW@UAk@A?CY@YDK?a@DQAo@?YFS@KAgABaBAe@EYAEBI?YD]AYBY\\_AK}@BGACA@', 'resource_state': 2}",False,False,False,False,everyone,False,,"[40.005935775116086, -83.0108059477061]","[40.005906438454986, -83.01058374345303]",2.614,5.983,False,False,False,233.7,220.0,10419150262,10419150262,ECFB3AF5-0202-4DA4-B815-B0B5F4EC0722-activity.fit,False,0,0,False
2,"{'id': 61462649, 'resource_state': 1}",Morning Run,4853.3,1837,2009,15.7,Run,Run,0,9698534834,2023-08-22T13:21:37Z,2023-08-22T09:21:37Z,(GMT-05:00) America/New_York,-14400.0,,,,0,1,0,1,0,"{'id': 'a9698534834', 'summary_polyline': 'ytdsF`atyNKTCNH\\VZ?DABFn@CDBDE\\GTAPDTAHAHIAEFBNKb@Bj@C^D\\@f@F`@B?@PGTEFCVJZ@RJ\\e@d@AHAjABl@?lBFl@ADDR?b@@DFCF?HBHGBPN^CHWNGJ]PMJCTEHAR?^BNCp@DJAh@CF@PCd@Cn@@PC\\B~ACz@G^DbACJ@RCP@RCt@BTCxADXNFFAnAHpAKDBJ??B\\ADFLDABjA?HBCB]DGAm@PaAIOICEE??EGCQBOEWFOCa@JYHM@SCo@OG?@FACSIU]OMAOU[CSIOOKAGMQISC?a@_AI?EMIIAKMGQ[IESWSSW_@q@s@QUEk@DG?CCCM@EBCEG?AGKIAI[c@SGMOIGYe@e@sAc@s@SMKOMGWSOEM@UCADIAGI_@EKEGBYGM@OIIAIDMKYAYKSCEEE@g@OMAMEQ?SCEIEBG?IGEAYKKAGE[@ICE?CEQ@ICAGMDKCU?WKI@GG]AUIMAWKY@KGK?GKQCE?IBK?[Dn@PXADDTBBBTAPLPDFCDBb@BHHJ@DDj@@t@LHEH?p@FRNL?NFH?RJP@NJH?RHH?TLV?p@RVAn@Ld@DDBLITL\\@\\HNJPFDHH@^T`@`AF\\DDPb@PZRTTJ?DJFX\\\\p@HFBJn@t@JV`@`@NH^l@LJDHFDD@VZB?@LZ`@@FJFH@FRFF?NHNPRFAHp@Xp@JNTLF?BDN@d@AGSRNE@BDH?RGR@BEp@DlA?jAJ`AOTG?ICE_@@]CU@UC[KMKa@KUJEAG?ILOEa@B_@EMCSa@B{@AyA@i@CSBIC_ADq@Ao@@ODE?QBGA_BBMBe@Ay@DWCUBOCw@@IJI?GCODe@A[DQGcABKAGBQ@APECOD_@BCEg@AsAGq@@YAGDk@Cw@@IDIDS@IGSJgBDKD?GGI]Ao@@wABk@NoA?OFODABE@MFMGa@EGAU@OHGAF', 'resource_state': 2}",False,False,False,False,everyone,False,,"[40.00605194829404, -83.01089035347104]","[40.005827229470015, -83.0109840631485]",2.642,7.166,False,False,False,233.2,220.0,10398296681,10398296681,C7920C67-6E5F-4ED6-82EA-5958F6407AC7-activity.fit,False,0,0,False
2,"{'id': 61462649, 'resource_state': 1}",Evening Run,5181.3,2086,2152,46.1,Run,Run,0,9578554164,2023-08-03T23:42:26Z,2023-08-03T19:42:26Z,(GMT-05:00) America/New_York,-14400.0,,,,1,0,0,1,0,"{'id': 'a9578554164', 'summary_polyline': '{xhoFzmlaOn@?XDb@?VBJED]NmBA_ADQFaBDsB?wABI?WDy@?u@JaC@cBCgBCEK{BMaAEMAYGIEUISCUCGCc@Wu@SmAAKIg@QqBE}ABuBBYNsHCqAKyAMuDMcAOk@GK@KLUAIc@{@i@i@q@]]K[GqBKYAQB[?DU@OLy@ZoABWCsAEs@@wAG_CCqCF}FC}@BsAEgAFeAAuABq@K_DCWIOOMOGgCQY@[H_@To@n@MCE?IHO@s@E{@AaAGOHWDUH]XKNCRQnBOj@O^Az@BD?b@E|@Ej@aA`EW\\O\\MHIRGV[p@K`@B@CL@h@L\\d@^l@Zj@p@PXPRT?`@OHDHP@PSt@?PFj@J\\Jt@L^F@z@Gb@FlAd@P@z@X^PBDPFVV?FLFTT^RRDj@DNAZGf@Sl@AXFVCd@Fb@?RJDA^FVFH?^RRLr@v@Zf@X`ANp@BZDb@@l@HlAAHFXATDdB?rAMhGAHG@SPEREtA@l@Dz@Hn@FrAJv@TrATr@?FJ\\XtAHd@@\\Jl@@j@F`@?f@DRA~BIpBBRBDC\\EpBIfAEvBKfBA\\@l@IhDCHAB]AwAMe@AACMAEIAOEE', 'resource_state': 2}",False,False,False,False,everyone,False,,"[39.371824683621526, -84.28269320167601]","[39.372008834034204, -84.28245674818754]",2.484,3.516,False,False,False,229.8,195.4,10271046762,10271046762,0197A239-AFF2-4A1A-AB25-2B77C14B8435-activity.fit,False,1,0,False
2,"{'id': 61462649, 'resource_state': 1}",Evening Run,3224.2,1239,1284,24.3,Run,Run,0,9534313092,2023-07-27T23:02:05Z,2023-07-27T19:02:05Z,(GMT-05:00) America/New_York,-14400.0,,,,1,0,0,1,0,"{'id': 'a9534313092', 'summary_polyline': 'iyhoFtmlaONA`@DVAz@FPDFAFQFyB?c@BSAODk@JmDAyADMB_@AIFcB?u@HwB@_A?o@COGmA@KOcA?KE[S}Aw@yC[}BKiAIsCBiAC_@DS?g@D]BwCBOBaAGkCImAAe@GcBIu@Ok@Qe@LWFEDA^fANx@F|@FtBDDH?HDX?tAJf@Ft@@XBTHTPX^JTFj@PJN@CLY\\CPEt@OlHIzAGb@GDO@eAA_@Eo@AqAOm@BGD@|@T~BLh@B\\L`@t@hDJt@TjCDvDEp@?v@EpAEXAl@?d@CJKJSb@?h@GbAClBCFo@BuAEu@GUMIAQBIN?PDLNDF?NI|DVBR@j@GzBCb@KDMEmAECEO@{@CCCAGDS', 'resource_state': 2}",False,False,False,False,everyone,False,,"[39.371892996132374, -84.28266076371074]","[39.37198519706726, -84.28250787779689]",2.602,3.746,False,False,False,229.8,216.1,10224229956,10224229956,640EE57C-9B65-4AC3-992E-DE126AF2ABFE-activity.fit,False,0,0,False
2,"{'id': 61462649, 'resource_state': 1}",Morning Run,6273.0,2625,3126,38.2,Run,Run,0,9487350281,2023-07-20T11:52:51Z,2023-07-20T07:52:51Z,(GMT-05:00) America/New_York,-14400.0,,,,0,0,0,1,0,"{'id': 'a9487350281', 'summary_polyline': 'yyhoFfnlaOD@ZKP?XBXAHBl@BFBHADIFs@?a@BS?qAN}CBeBA[FaA?]JaCAUDk@DuCCk@?i@CKE_AMo@KmAGc@[oAGOa@oBOqAUiC@IEy@?kAPmHBQ@eAGuBGqA?g@OqCQs@Uk@Ra@AIm@_A][q@_@i@KYEw@A_@CECc@?KBW?]Dq@TSBYAYCg@M_BuAu@]EEq@O}Ac@q@CKBIFMQSq@Ou@KQEGUGQCW?URIPIF]p@Kj@Gx@CJ?Fq@jBKrB?JD\\CTGTGD?JEDK`@Gf@@n@Rl@JNJHHRAFO\\I\\O@MFOJMXQj@GnAGREBc@Gw@?SQAK?KKmAKmBG_DSwB]kCGaAAoBSiDEe@UuAKwBCUCCQHg@HWLOPWp@Qj@EFKDbDwCAXFr@A`@Dl@ZpBJnABd@@tCRjCX~ALnAD~@?jAV~EHRXPP@PBR?`@FFADK?SBKDcAB[FUNM^GHGBSb@s@@ICESOIMMMKUE]@gAVm@FIBW@cADKEMDU?]Nw@ZaA^aC\\m@F[TSJELC`@?F@FFZ~@Pv@HNdAIF?DDNCRHJ@LH?DN@DHT?JJXHZFFDL?FBADLFQ@ZLDHPJBHlAv@p@BVAb@GNMx@Gh@BDCTBv@@p@Fp@Np@b@d@b@b@z@^nANfAHrABzBHtBCvBCR@p@I|AIvCBvAFp@ARPvBJn@d@tB?L^dBJ`AFTDDHt@D`@HhEIdAE`B@^GnA@f@Ex@EvBEv@?h@]b@EL@^Eb@Cx@@VCB@TE^EFI@uCGMEAYCCG?SE', 'resource_state': 2}",False,False,False,False,everyone,False,,"[39.37197052873671, -84.28275346755981]","[39.372120229527354, -84.28247929550707]",2.39,3.76,False,False,False,229.8,197.8,10174544963,10174544963,284099B1-2060-473C-B03D-1C83203C4B70-activity.fit,False,0,0,False
2,"{'id': 61462649, 'resource_state': 1}",Morning Run,7482.8,2884,3384,67.1,Run,Run,0,9362023626,2023-06-30T11:27:34Z,2023-06-30T07:27:34Z,(GMT-05:00) America/New_York,-14400.0,,,,2,0,0,1,0,"{'id': 'a9362023626', 'summary_polyline': 'iyhoFrmlaOTDVIl@C~@LHAAIDCE[Do@CEFK?KBYCm@DKCQJu@Ca@H_A?sBDYD}A?YFwBD_@Ae@Ba@?iAAO@[OoCMs@Ea@Ka@DMAKECIQGAIQ?e@KWG_@IOMcAI[?[GSImAG}AFwB@yACKBYDCAm@F_AC]Fk@GkDKw@@{@KwBk@qBDKNIJs@TQFYTWNo@HuBAk@BOEWPoAG[AYHs@AWJOCi@CKBODA@EC_@@]IWBSJW^BDVWr@ATD^Ix@BTEh@Bb@CJOBIHI^?VGF_@Se@A?Ea@OEIEBASWUEs@DmAFe@?kA@MBE?SF?EkA@}ADU@o@DGXDtA@JCJKF_@A_ADC?OJKGa@@q@CKFu@D_BHM?IEq@EQAMOQ[Ii@CUKODQGYBm@MIFDPv@C~BRPANHHPC|AA^UbB?TEFBFCR@j@DNE^DTG@ELGz@o@Sm@?OIKFAFQMAQBXDJ?VB?Gv@BTAFBXDPCHMJM^CZ@hAIL@RC`@HFEPUDWISFAFMCKF_@C_@PEHI@m@KS?QKYAMDAV]JAFc@d@_@Lo@Bg@Go@UIOWMQWSQ][SEKMGCWL]@w@U[UEMSGMTo@t@Ml@MV_@?QHCH?]]q@[]g@YSQMGGKKCSa@AYF]LU@MHWT[BULKRO\\_A@UTe@?a@Te@?KHGBI?c@Di@CCBK?QFCEiABi@FQNQPo@FiBBSJOr@YfCLRAf@O^CLKVFd@c@Xe@`@MHHlADf@Hj@CVDNNB`@GV@JBDAPHf@Cd@FzBSfAJr@DLGn@@LEl@DJAP@LCH?XDr@Ab@DTKh@@RCZFh@GP@DFNEf@@ZCRHzBF`@EfB@VFPB~@M`@C\\M\\Kl@GfA?Lb@GRDZGh@Hx@Bv@HbAl@t@z@ADBLNLFPPl@Hh@AFH\\Dt@?t@DP?^BTB|@AHDt@Cv@DRE`@@VKbC@h@Gd@?~@G^Dh@CD?`@DRALFN?HIVUDCPJ`@?^NrAPj@NdAb@xAHt@Nb@BZAD@RDHJ`A?j@DT?n@CJBPC`@@p@E`@@j@ExACVBVEJA\\DTGTBPKnAA|@BJAvASN_A@GIWEYDQGY@AGMII@UMQNIV?TRNL?XQX@l@JFC^LNEt@FJb@G`AEJBTETBJCH@`@OH_@AIG_@?o@MGBi@CCCAWGEMA', 'resource_state': 2}",False,False,False,False,everyone,False,,"[39.371894588693976, -84.28265573456883]","[39.37213481403887, -84.28243059664965]",2.595,4.878,False,False,False,229.9,195.5,10041847542,10041847542,81C65016-642E-4CA2-A42B-A41AD09F012D-activity.fit,False,2,0,False
2,"{'id': 61462649, 'resource_state': 1}",Morning Run,11291.1,4699,6174,97.3,Run,Run,0,9327279701,2023-06-24T12:45:23Z,2023-06-24T08:45:23Z,(GMT-05:00) America/New_York,-14400.0,,,,1,0,0,1,0,"{'id': 'a9327279701', 'summary_polyline': 'ayhoFrmlaOLCTV\\DHHlAJBDARHnAJn@VfAn@lA\\`@^TFJr@Vr@HdAKx@Ax@Mf@@r@RNJn@l@Vh@Rr@R^Ph@P|@JdA@lAQdC@JGv@A~BCbAEFBhAC`@?~A@XAVFhA\\tAlAxCNf@BBf@@xDuCdAkAb@eA^_BJ}@JqDDgCL}D?{@bBEp@M`GJfAQ|@c@|C_Dr@}@\\WpAoA`Ai@uAjAOx@@Jz@fBd@r@FZfA`CRNEFBHJLz@dBbB~Cd@`Ad@r@BJ`A|Ad@f@PFn@BdCTZ@LEPJT\\?jNGjAS~HEn@?zA]rOkApPKdCOhAEHBDJ@NJh@F~AOtA?x@DNJ`@d@THzAH^G^a@HYEo@@OEAh@z@j@cAb@iAh@{@DKB[Cm@Kg@AUDs@EeCC]Fa@|@yCCcAHa@NWFA\\QdBCNB\\PvAjAlAZ\\LBHALJfA?p@NjA@t@Jz@Dx@Zj@JHb@n@fBnAf@V@JC\\CD[La@FSXG`@A\\MREvA@j@|AJBHG\\KXOV{DzE{@b@yARs@?}CS\\MFQEWKACGGC_AAsAFYH{AQWSa@m@IAEUOSPlAAVEFWBUOs@QAE[KEIM@_@XoBDGOL[Hc@A]OFILMF_@IONE?[UIi@GGQNSAk@n@MOKCCKMEMSCKDOGGWEFO@GGQxAM@IDGDBHEBm@JGv@CLIPUJCJ@LLHOZD\\EHDnB|BPHH`@?NFRJF@AoK_INqAHoBLsAFmADa@?MTmC\\oG?e@BGCK@i@VeJ?yAJgB?kAF[A_ADa@AWFoABuAAaADKC[?uABe@C_@BkAEQB_@EGDQ?e@mAWCB_BK{@Ao@Oc@_@aA}AYm@KO_BaDm@aAOe@_@g@Uk@Y_@aAyBa@eAm@gAM[U[}@PKFgAdAEJ{@t@WZE?GD]`@s@TMJSF[DgAByAKiGKC\\?\\@XCnAEPGlDI`AGtCGp@m@~BS`@mAxA{AdAMNWLk@d@ELHZJPDXLh@D~@I|AOT}@pCh@gCJy@Fq@Ak@QsAoBoFWg@S}@Iq@AoAHiKDqANsB@s@?_@GcA]_BMMGQEAMi@g@mAe@e@a@Wc@KWAs@Ba@Jk@A}@Js@GgAWsAaB[k@Su@QgAEw@AeBB_AJ{A?[CKHqAAQBEK`B@n@AbACD@PEx@EXaDMOAEG', 'resource_state': 2}",False,False,False,False,everyone,False,,"[39.37185175716877, -84.28265640512109]","[39.37199408188462, -84.28261902183294]",2.403,3.94,False,False,False,252.5,224.3,10005109413,10005109413,15052F76-83E5-4290-A175-D0E24502BA40-activity.fit,False,0,0,False
2,"{'id': 61462649, 'resource_state': 1}",Evening Run,5850.4,2048,3219,62.5,Run,Run,0,9316490618,2023-06-22T21:49:36Z,2023-06-22T17:49:36Z,(GMT-05:00) America/New_York,-14400.0,,,,2,1,0,1,0,"{'id': 'a9316490618', 'summary_polyline': 'kyhoFvmlaOLAPFDNPV`@AX@FB^?HBDh@?f@LfAZdA`@t@`@j@p@n@p@TXD`@BpAOb@@j@Kd@?b@BTHb@VZZ^h@BLj@vAXfAJl@HhAChAUzD@z@GzABNCJAv@@dBAJC~AD`AVjA~AjEJHTBXApAcAd@YjA_AD?LU^g@N[d@}ARkADe@N}D?k@AIBQ@cBd@{E`BBhBL|BFJEb@?LAHEZAr@Sl@]f@i@`@k@XWf@i@HMv@iDOs@?g@Eg@IqDEg@Mg@Ye@g@k@K]UiAEg@Ie@UoBCGBQd@a@dAs@x@[bAWz@Mx@ElCVx@EPCr@[TQX[NKJBFHZLBDAFMNMd@UfFIrECXAfAEh@@LUhASp@w@bAs@l@e@VQBa@PSBWHONe@Ry@h@CHg@b@QVk@d@iAnAQTcAhAMNGNEBKDiGb@CCo@AuBMMBG?KFe@GO@EBEF@TG~BIVIjDEjAAbADZAZcAhE]l@a@d@g@f@w@f@y@l@_@J]RG?KKI[KIUm@Q]C?u@mOJEz@GL@dD@z@BF@n@?hAD\\GPYBOFyB?k@@YBIAg@HcB?_@BGi@hKEPGDG@y@Ac@BcEIaB?KAGCCIBu@?c@HwAo@xDCCAUAeANuE?aAGs@Is@[gAIU[i@CQEAk@oAQOe@[k@Ou@Ao@NWAgAJW?y@Ku@Ww@u@Yc@GOQSIQAKKc@SuAIoA@SCKQKiAGuAEEG@WAAWA', 'resource_state': 2}",False,False,False,False,everyone,False,,"[39.371908251196146, -84.282679958269]","[39.37213028781116, -84.28249279037118]",2.857,5.542,False,False,False,250.3,223.7,9993695665,9993695665,65DECDFF-45FC-4D7E-B72F-222E61F541F7-activity.fit,False,0,0,False
2,"{'id': 61462649, 'resource_state': 1}",Morning Run,4834.5,1899,2314,43.3,Run,Run,0,9306884824,2023-06-21T11:11:02Z,2023-06-21T07:11:02Z,(GMT-05:00) America/New_York,-14400.0,,,,0,0,0,1,0,"{'id': 'a9306884824', 'summary_polyline': 'myhoFtmlaOr@?jAHb@@FA@GBqBFk@Cw@HaAHeDCi@Fu@NsEDuCG_CG}@Ko@@IWaBy@iD]aCIeA@MKyB@qBLqDFsDWmHOoAMi@Se@JUA_@g@o@g@a@k@YaAQs@Aq@I{@DIC?IL{@d@uBB_@IqB@s@EcACKQ?MD?NSHa@\\_@V_@Ji@BSCcA]UQk@q@_@WSG_B_@YOe@Y[BW\\_@t@Ib@IPULM?MAABSc@i@u@_@Sa@[a@SOs@Bk@Lg@j@mA^e@JUm@~@i@fAdAzAEv@DPEH@FVJR^t@~@DBPANGJIDGLk@\\k@V_@D@FHPPv@`@`B\\^RVVLAXBJJ\\T~@VR?FCN@PCJIHAVORW`@WBC@MZADD@x@ApAHnA?d@AJEH[tAOtA@HZCXBVCvBN^Hx@`@XVj@p@E~@Tp@PdADj@DjBFr@FlB?h@Ap@@JSdGA~A?nABv@HhAHn@XlBp@rC^vB?RHj@J~A@tAC`@@r@OpFGhA?|@E`A?r@KpB@ZCj@?j@EzACJGF_@G}@EKCK@gBI_@G', 'resource_state': 2}",False,False,False,False,everyone,False,,"[39.37191294506192, -84.28266688250005]","[39.372371435165405, -84.28259756416082]",2.546,4.22,False,False,False,229.9,195.5,9983575668,9983575668,1E6F7DF2-BEF6-4994-BC63-7F6B884D96BD-activity.fit,False,0,0,False
2,"{'id': 61462649, 'resource_state': 1}",Morning Run,6627.2,2695,3116,53.0,Run,Run,0,9294608887,2023-06-19T12:37:35Z,2023-06-19T08:37:35Z,(GMT-05:00) America/New_York,-14400.0,,,,1,0,0,1,0,"{'id': 'a9294608887', 'summary_polyline': '{xhoFvmlaOf@@FChABZFBFG`@FbALhATx@BTv@pAb@d@XVt@Rt@HV?b@I^?FCX@NEf@Id@BRBNDb@TPWFCJPDh@BPT`@DHAJHDPt@FFRr@VfBBhA?\\Q|B@HGz@A^BVCVGlD@l@CzBDjAJv@L`@nCrHHhAALBF?^^AMLEJSVOr@GLXk@LGNMF{@?o@Ek@Ki@Sq@CK@K`@SfCmBx@y@h@{@b@oANu@L}AZsON_@lBBnAHv@?rBHz@ETEf@Sb@U\\Y`AaAFC|@cA`@q@n@u@t@s@`@[LMXONCrBu@b@WTQ`@e@Zi@Tq@H_@Bp@IBCF@`@CJk@`Ae@d@_@TYL{Ad@{@d@y@p@ER?HFRxArChBbEpChFBJPX~BfETXPTRNH?NHxEVBH@h@C|MGxB?POlETcH@mABkMCSEGKAa@CO@YIs@@OEI@UEa@E_@O_@[g@y@_@{@W]gBkDGGg@cA_@i@y@kBSYg@oAgAaCMQSe@Iq@@IBI[f@QH_@^c@VKNu@r@eAjAYV_@V}@Xq@Hs@@c@Ci@@sAIgBGOIGQi@AOAGCAIBYBoBGSCa@E[@WCIEAoCIQEoALq@^ONc@VIESQ]Me@UGAAQECi@PGFOH]TISCM?SIWw@aAWSe@Qa@Ie@ASBa@LOCu@F{@Bm@Gw@Ws@w@i@s@Wk@_@wBM{A?WKK[GcACi@IU@KMBQEC', 'resource_state': 2}",False,False,False,False,everyone,False,,"[39.37182258814573, -84.28267526440322]","[39.372022999450564, -84.2824798822403]",2.459,3.999,False,False,False,251.9,224.1,9970411154,9970411154,9D1AC2EA-384A-4BE2-AB2B-F4FA2C7AC0B1-activity.fit,False,0,0,False
2,"{'id': 61462649, 'resource_state': 1}",Morning Run,4111.1,1676,3829,33.5,Run,Run,0,9251101440,2023-06-12T11:47:42Z,2023-06-12T07:47:42Z,(GMT-05:00) America/New_York,-14400.0,,,,1,0,0,1,0,"{'id': 'a9251101440', 'summary_polyline': 'yyhoFrmlaOFDV@p@Ar@DJCZDHC@E@_ADeAAmAFw@@cAD}@@m@Ak@DUHeCAKDKAI@KAOFoB?Y@IAU@_@A{@KqBCQ?MEUAWMi@C_@q@uCAKK[?MK_@S{AK_BE_CDcA?{@BIHcEDiAAc@KiDEI@YG_BS{AOk@KO?GFIBK?WUa@[]q@e@q@Ue@Iy@EI?_@E[@GBc@?LqAd@kB@QKiC@cCG{B?cCC?BU?i@BECQB[?w@C[@c@C{@BdAEb@Hb@CF@JGt@@\\AJ@HCH?J@RAJ?h@Dl@A|@FtC?|AHhB?PIP[tAOxAVyBJ[PeAE[?k@@GEa@@gAGoBBWEGAcB@u@C[F}@Ci@BiAh@d[pADLBfGhMAHMDKLCJDv@DhBSdIC`C@h@HdBTvBPjAh@pBHPAFDV@RPz@@^PjA?R@BALBBALDT?`@CJDLGb@DPAP@J?\\Ct@ET@LGR@PC`@BLCR?\\CD@LBBCLAb@EPBLA^GdB@F?NCb@@JG^?bACZAlAGdACDCCI@c@GS@ECO?MEO@EEQB]AEM@IAKO@MCBBBCFBDHBPAH', 'resource_state': 2}",False,False,False,False,everyone,False,,"[39.37197824008763, -84.28265531547368]","[39.37204219400883, -84.28264634683728]",2.453,5.694,False,False,False,229.9,209.0,9924409036,9924409036,309BCCD0-F22F-4D9B-95B6-21EC40BAD68D-activity.fit,False,1,0,False
2,"{'id': 61462649, 'resource_state': 1}",Morning Run,9690.1,4484,5797,33.1,Run,Run,0,9239158572,2023-06-10T12:36:25Z,2023-06-10T08:36:25Z,(GMT-05:00) America/New_York,-14400.0,,,,4,0,0,1,0,"{'id': 'a9239158572', 'summary_polyline': 'esgoFvf{aOCGD]h@yAHc@Dm@ByBNmBBq@A_@BQDILCR@XDXE\\[Xm@H@b@ATC^WLM^UVGz@Il@[DJ?RDZHRNPFBB?FE`@KH@JDCCDIDINGp@Qb@E\\BXHFDTb@TJ`CBRCnA@l@Ed@K\\CF@DPHj@LpBC}@McBJYPUFQ@IGUQY[MkAOgDOkD]MGOWC_@Hu@f@{BZiBb@uBR]\\U`AKVY?[OOSKqBQe@KYQS_@E_@Ew@K[W_@_As@c@s@Qw@C[@YFo@b@iALs@@WAUMY]YYMu@QQC[?i@GiCC_BM_A@e@FKDCJC^@LHLZT`Ab@hAVbBl@VXV^Rl@JbAAj@CVSp@m@|@Wj@MbAAn@Dn@H`@PZp@|@Th@DTDdAJn@JV\\j@Rd@B^AnACf@?j@IvBBl@NTTRlBq@~@Q^@b@NZh@LFVBb@C~C@t@G`@I^CZININOF_@IUKMMIWI_BUsCIoCWa@IIIEIEi@NmAz@yD`@cCT_@XUz@KVKFK@WGO_@S_AG_AOe@QOSM[G}@Ke@Y_@m@i@UW?CEAUe@Mm@GaALs@Re@Pm@Hu@E_@GQKMUOm@W}AQwCG_BIo@Ac@BwAT]BEFKDABA?@C?@KDCFg@bCM`@Gj@Cb@@HGd@A~ABbBJrBPrA?`BEh@Sl@e@lCWxCG`H?vHCn@c@rCCh@Bl@DTRh@`@h@FPCFB`@E]BE~BaAFI\\cARmAD{AAo@JsAF{AB]FENAh@DNCNINSb@aAHSAa@OUaA[I?OFQBOCGCCGDyAJaBJgAXwBNUN@t@XJ?VGj@[ZIHGJQHc@Gc@[w@Yw@IKMIQEs@BOGGSYoBCc@@SPkAR_@Zs@Le@Fo@?m@Is@Wi@[QYGa@CWI{@o@WG_@B]NKLOh@If@IdAC~@A`CHtATtBBh@?l@MxAw@fEMzAExACtC?vCBtACt@@xAIrA_@|BCj@@f@H`@JZVf@VRP@n@Ij@[NKHO^eAJq@?s@DwAL{AFyBBKDGLEp@JNENILKH]^w@@_@K[ECUKg@M{@HIEEG?s@F_Bl@iFHQFCh@LvB[[H_@TYFUE_@OUAKHM\\U~AGr@QjD@j@DHJDVALINAVJd@JFBJNBTOh@a@|@ILULMBe@IUFGJEdBKt@E~@C~A', 'resource_state': 2}",False,False,False,False,everyone,False,,"[39.36579851433635, -84.35835211537778]","[39.3655023816973, -84.35722776688635]",2.161,3.79,False,False,False,275.0,265.4,9911713708,9911713708,1502FC82-F7B1-4E9C-ACC9-5FE2DE466CF8-activity.fit,False,1,0,False
2,"{'id': 61462649, 'resource_state': 1}",Morning Run,1127.5,454,475,16.5,Run,Run,0,9231963440,2023-06-09T11:44:45Z,2023-06-09T07:44:45Z,(GMT-05:00) America/New_York,-14400.0,,,,1,0,0,1,0,"{'id': 'a9231963440', 'summary_polyline': 'ocioF|ujaOv@IVNTP`@PTBX?lB[LBJDLNHd@FJLHRFLH@DAVBj@XdCHd@FJ~@pETpBDfABVAVBd@Al@?^MdE@r@Gf@?XAFA^?fAC|@AdAIbA?n@GfAAdBEFM@[EcBGUGQ@EGBUQAIAC@', 'resource_state': 2}",False,False,False,False,everyone,False,,"[39.37352637760341, -84.27374199964106]","[39.37216121703386, -84.28248264826834]",2.483,6.51,False,False,False,229.9,212.6,9904162927,9904162927,E03CE6FD-F8C9-4184-9621-0D1289F4D755-activity.fit,False,1,0,False
2,"{'id': 61462649, 'resource_state': 1}",Morning Run,2971.1,1056,1078,13.5,Run,Run,0,9231783667,2023-06-09T11:00:39Z,2023-06-09T07:00:39Z,(GMT-05:00) America/New_York,-14400.0,,,,4,0,0,1,0,"{'id': 'a9231783667', 'summary_polyline': 'czhoFrmlaO@@FARIBBLARJHCb@@HBx@FD?FGBgCBYA}@Fi@JmCCqADM?[Da@LsG@IAYB]AcAI{AKaA?Uc@cC]iAIm@EKc@aDMoC?iAB_@Aa@BcA?MBYJeGMoC@KCSEuBGq@O{@KWO[FSBc@o@u@k@c@e@S}@M}AMcADEENoAb@sBKcEBWEm@GAWBCF?JSHu@n@c@Pm@BOAk@Q[OWQEIGAIOWU_@Uq@Uq@M_@Oi@[EAKBSNk@dAEXLd@@LCJ[hAKHQ@OA[FMNMX]j@Oj@SlBYv@Ov@GzAAbAG^S^ENGj@@RBXXh@d@V@FCLUXMT?`@HXFNRTrBlBLT\\bB`@pAD`@FbA?R', 'resource_state': 2}",False,False,False,False,everyone,False,,"[39.3720246758312, -84.28265204653144]","[39.376608319580555, -84.27353882230818]",2.814,3.672,False,False,False,229.9,200.1,9903974677,9903974677,40712FB8-CC32-426E-A3E7-FF4EDA347CD7-activity.fit,False,0,0,False
2,"{'id': 61462649, 'resource_state': 1}",Morning Run,5848.4,2580,2650,45.4,Run,Run,0,9212550282,2023-06-06T10:10:45Z,2023-06-06T06:10:45Z,(GMT-05:00) America/New_York,-14400.0,,,,2,0,0,1,0,"{'id': 'a9212550282', 'summary_polyline': 'wyhoFpmlaOKABBPERBFA~BLHADIBkBBYAiADWLkEAo@F_ABaBD_ADkB?w@@QAoAGk@C}@KgAg@mC]qAE[EKK}@GSS{BG_B?oA@eABYDsCJuC[yIGu@GWUy@KMBGJO?a@QQEAY]WSo@]w@QgBIECKB}@??GDQJ}@`@gB?]GeAAs@?_BAQEK]DAB@JCDK@u@n@_@R]DW?[Ck@Sw@i@MCQ?e@YSEE?YKYEi@Og@Wi@c@UZ]r@CR?JL`@@J_@nACFIDK?[ASHKHGFOb@KJSj@Y~B_@fAOz@AhCMd@S^I\\AZB^L`@RZ\\NFHe@r@CHAPFv@D?HN^TDHrAjAPRLZJx@J`@PZ?DC@]uBK_@c@g@sBkBOYAa@BSXi@FQCGYO]g@K]Aa@Ho@\\m@F]AsADgAJe@Rk@Ro@JoAF_@Ra@LSNe@\\S`@ANCFEHWFILq@?IIWESBW`@q@V]D@^`@^RL?HINE`@Fr@Nn@b@p@t@LJn@PFD\\Dl@Af@QNIZ[^WCMDCZ?DDE\\DRA|AJ~AATKZYzAKlAFBVCJB^CNBlADx@Lh@Vp@f@h@r@Zp@VfAHr@JjCBNJvEUfK?~AF~@CHO@INF`APvALn@`@|AVrADB\\vCDxABBALBz@AfBSfHEV@h@IzDGr@?~@KrCCFmDSICC]O@II', 'resource_state': 2}",False,False,False,False,everyone,False,,"[39.37196549959481, -84.28264643065631]","[39.3721713591367, -84.2824487015605]",2.267,4.074,False,False,False,229.9,200.1,9883694060,9883694060,66CAB844-4A5B-46A5-8345-FE4D6E8C27BE-activity.fit,False,0,0,False
2,"{'id': 61462649, 'resource_state': 1}",Morning Run,2621.6,869,1143,29.6,Run,Run,0,9087976707,2023-05-17T13:43:55Z,2023-05-17T09:43:55Z,(GMT-05:00) America/New_York,-14400.0,,,,4,0,0,1,0,"{'id': 'a9087976707', 'summary_polyline': '{yhoFnmlaOx@H\\CLDd@BPAZDDGCe@BUAWB[?MCEDM?qAH}@AKBQDaCAg@H{@Ak@BS?MBM@sAB_@DiBA]@WEcA@MEO@SK_BCKCa@EOCq@EKQk@UgAWy@Ga@S_BOoBAEQGYWCEEYKSEEGAG@EDKIG@MBg@Dk@PK?u@Kq@g@QCm@HMJGLEXBx@Lx@VhAB\\H`@?HHR@ZFJBT^hAGX?TBF?JD@ANG_@@]Ou@EMGA?]GMMo@?IOaAMiAEQGc@E_A@g@JYFC\\APGP@XVTLBD^F^@f@MNAvCvADHPxBHT@\\DLXhBDLFF?NLXBZDLTfADz@Ln@HvAAl@BRC`@@|@CXBx@CDAHIxCEfAEV@`@E|BIvACV@l@GpCGZIBME_AG[@ICs@E', 'resource_state': 2}",False,False,False,False,everyone,False,,"[39.3719831854105, -84.28263125941157]","[39.371971199288964, -84.28264869377017]",3.017,4.534,False,False,False,229.9,204.5,9749240389,9749240389,2F3CA9E5-FCE6-4F79-88A1-190022DE3713-activity.fit,False,0,0,False
2,"{'id': 61462649, 'resource_state': 1}",Morning Run,2620.3,951,951,19.6,Run,Run,0,9081567230,2023-05-16T13:10:07Z,2023-05-16T09:10:07Z,(GMT-05:00) America/New_York,-14400.0,,,,4,0,0,1,0,"{'id': 'a9081567230', 'summary_polyline': '{yhoFpmlaON@BAd@Df@@HA`@FR?HBP@If@Dp@JfAJj@DXFJ@PJFDLj@|@^^HDNPdAX\\DZ?JEz@CBFBbAKp@EFg@IOBMNCHDXDFt@JLCLODKNaBC_AGw@GCUD[J}@B]Cc@MSIc@]e@o@g@sAQ{@IoABmCBk@DqCReF?eBNwCAUFkA?_ACG@o@MkCGe@?Qm@_Dc@_BEc@QaA?UEKCW?UEWAg@EAG@SJAFJvA`@jC\\tAHPHn@DNB\\HH@d@TdBBp@@LD?CNBl@Cz@A|AGdAEfDGr@?x@Cz@@DIbA?`@ERA`@B^CR?z@ExACREBQC[Ac@E}AGIA@S', 'resource_state': 2}",False,False,False,False,everyone,False,,"[39.37198016792536, -84.28264844231308]","[39.372014198452234, -84.2825470212847]",2.755,3.942,False,False,False,235.7,220.4,9742489277,9742489277,817C40FD-E11C-4221-9063-B038C224F531-activity.fit,False,0,0,False
2,"{'id': 61462649, 'resource_state': 1}",Morning Run,3281.8,1078,1291,24.4,Run,Run,0,9039398553,2023-05-09T12:42:20Z,2023-05-09T08:42:20Z,(GMT-05:00) America/New_York,-14400.0,,,,0,0,2,1,0,"{'id': 'a9039398553', 'summary_polyline': 'gshoFb`laOAw@Fc@JaFFaAAS@Q?}AGSB[GgAMgA?Mm@kDQg@c@aCKu@@IMuA?CVGDe@CU@sBFyALmGIuDEUAa@@WM}BMu@c@qAIKCK_@g@QQWQk@[w@SK?u@Ig@AICI@O?EBGCIBK?CEAGR{A\\kBKkC?{@Cq@GhMVD\\CNDdAB^FVTRFp@`@^^TZAXBZPd@Lf@Hh@HlB@v@HfADxAChCSbH?lAHbBNfBZnBVjAFRf@dCFr@L`A@`@Fv@@hCEl@Al@ElA?n@Ex@?ZIt@?h@', 'resource_state': 2}",False,False,False,False,everyone,False,,"[39.37204143963754, -84.2826300021261]","[39.37202241271734, -84.2826487775892]",3.044,4.298,False,False,False,229.9,210.3,9697749383,9697749383,DF715C39-074B-4626-A65C-85D7BD8A5104-activity.fit,False,0,0,False
2,"{'id': 61462649, 'resource_state': 1}",Evening Ride,42175.5,9214,9936,134.7,Ride,Ride,0,7149934766,2022-05-15T22:03:40Z,2022-05-15T18:03:40Z,(GMT-05:00) America/New_York,-14400.0,,,,3,4,0,1,0,"{'id': 'a7149934766', 'summary_polyline': 'izhoFtllaONv@fASrBDJmF\\eARmMYsIF_AwByMHmRc@sJu@mByAwAyF}@n@kESgK@iOMcAPmBOcGm@k@_CUe@HwBpBiFUq@T[rCu@xBCnFSB{@bD_BnEDf@lBjA~@bB\\@Xa@Tv@[`AeAL[^gBbGM`BYv@LdAi@xChAvA@`@i@v@m@Ri@`D}AUa@u@_BgSKuFw@uHf@aA`C_@nA}DLeGo@wAd@{E[gChA_HlAaB^cCLeCNeOGkF\\oC@wBd@qCLiEl@GZcJzJoD`NuFfDuBhM}MxBaBbBaChIqHnFmHpBiBj@gCHwB_@qDHu@gCkFg@iCG}AV}DJoJYqBWuHg@eDqAqE_CeH_A}IZ{DnAmFHyGt@sJhCiSpH{a@lCoMvAkDXsLo@oEcA{D_HiL{BuEuC_MDmFt@uEhBkF|@yDT_H`AsG`B{Tf@}Bj@gJjAeKJiD`AgIlCw^jEif@l@cOAwP`@{JD{Un@kQEiF~AiWb@gBZqEtAgDPyBdBuFZmBEe@nAwCf@}CZMp@mBnDsNfBmElFqRtAoGp@gHM_Ic@{Gs@cEcFaNiQga@_AkDwA{JwBue@kA{G}AqF_DkG}AqBsBaF{BuCwBuEqEwH_DcEuBaBo@cBgKiJfAn@hBxBxCdClB~BbDpEvKpQp@dBjD|EjArBvEbLjBvHBz@z@xDxA|b@l@vB`AnIvBdEp@dChBvDbA~AlCdHrA|BXrApAxBdEnK|@hEH`D^fDFdH_@fGZB[@uBbJoKf[yAvGsH~W_@jCaBdGw@pFaBtVkA`hAiAf]oPflBq@tE{AvTiCdPmB~Ea@rDPlHr@tDvE`N~FnIlAlDZ~CQrDP~Ag@xFoEjV{EzUeGxd@qBzPGpFT`F~@bDLxBp@pBK\\h@dAMR`AnCBr@b@jAAn@jAlDUrVr@hFrAbCHnBz@`EDlBg@pBmDjFmNlMgJfL{HrHyFjDqEhAkEbCyJ~D[`Jm@ZExDe@tCCdCYzBSlOFdDW`GOp@yAfB}@nEE~AVnBi@`Fr@tBK`GkA~DsBb@w@fAP`Db@tBB`Hz@fHb@lJ`@b@zAB^qCbBqBcAsBv@wBDwB~@{Fz@cCjAk@^eAIq@iAFqD_EPyAxAeC`AuDR_BCaCh@}AR_Cn@{@zFPjB}AjD?r@h@DbMMhKZvNs@rEjGpAz@dAt@nBl@bK@~FKdHc@DG]Er@M@?o@Bl@KSJVAFJGQJ?FD[`AFr@zGlApI?~Fq@`P?rFyDGGu@', 'resource_state': 2}",False,False,False,False,everyone,False,,"[39.37205543741584, -84.28250460885465]","[39.37202769331634, -84.28245599381626]",4.577,12.932,False,False,False,229.4,190.6,7612932644,7612932644,5D0EB65E-ECBD-4FD0-87CF-D1166EB400BE-activity.fit,False,3,0,False
2,"{'id': 61462649, 'resource_state': 1}",Evening Ride,17092.7,3361,3674,97.4,Ride,Ride,0,7127845978,2022-05-11T23:22:14Z,2022-05-11T19:22:14Z,(GMT-05:00) America/New_York,-14400.0,,,,2,2,0,1,0,"{'id': 'a7127845978', 'summary_polyline': 'gzhoFhllaOPn@dCDf@VTQAkALmC@mBLcB?cATmBFiF?wD_@eEeAuEs@eFMyDTmAH{Ca@{LLu@?]eAsC_AaAkAc@{@MsBQuBp@yAKeB{AoAo@}Ae@gB@u@sCa@Q[?q@r@[r@YbBcA~CCtAa@~AErBZv@h@ZBPY^Id@c@NSTYdCKXeBMS][yEIoDm@mEOqHs@iEGiCh@o@FU^KJDJKn@@d@[z@wDFsBC_CIc@[a@G]l@kFSkA[m@JAToCr@}CR_@v@o@b@aAR{@?wBLeAMeDHeF?gAIy@F]@kC\\eD?iBF?ZmAFmGb@CP{@?kALuBTiKUgBkAgDuBcEw@_Ce@w@_BaFmBcEYwAc@u@aAmCwCiHsCqGJC~@zBV`AfAfCFb@v@rBx@vADn@Vt@d@n@`BlE\\j@h@hBvDdJbBrEdArD\\n@Cb@P|AGbBB`CFHZUn@EhAcAdCc@dAs@zAe@T@NOx@Kz@o@\\GCUfAGZe@jBm@ASr@OrAaA|@KdAgAPm@r@_@Vm@^YFBv@mAb@QbC}Bj@s@x@uAhBcAZm@hB{Ad@i@Ng@b@Ux@eAJIfAo@n@s@lAaBFk@X_@TGfAaBh@W`BQb@sAPmCCeAWuAm@kBBOS`@Vf@[gAPl@J|BVbAG|@c@xBs@dAoAn@w@tAmEhE_BxBy@n@g@t@cFtFy@v@cBz@M\\{@pAu@d@s@|@uClCO\\yBjBeNfGwHnCaDjBYlHKt@k@RU`F]lBBdBYhBKvB?bAb@^B^g@lHB|BMhCAzBOdAMXsAxA{@dFCtBVfABt@m@tDAn@n@xAGbGaAtCi@b@gAF_@Pa@p@E`@LjCVbAXzC?zDz@zHA|BNbELb@XT`BFHQH{ANg@RUb@Gn@oAIUk@a@@SQeAF]j@}@AeBBQPOEIHa@d@}AFqC`@_Ah@k@\\BZKd@sACSQUq@Xe@c@YI]i@_B{@K_@Ds@^oAd@_A\\[j@kBj@cEI_Dj@gAP_Bf@_Ad@MvAP~@MlAZt@k@Zg@jA_@fCZXENHHV@lAApDMlBN~@Cl@EKEfH?|GPtBH`E[jA]dChE@lA^`@\\~@tA^vAL`AIt@`@fHEnDU`FJzEPl@`@xCAn@`A|EXrESvD?tCYzESlJKToAKsAHUKDo@IQ', 'resource_state': 2}",False,False,False,False,everyone,False,,"[39.372043535113335, -84.28244333714247]","[39.372062562033534, -84.28246286697686]",5.086,11.556,False,False,False,229.7,190.6,7588799594,7588799594,6F39176D-C86C-4340-ADB9-FBCA37FD4642-activity.fit,False,2,0,False
2,"{'id': 61462649, 'resource_state': 1}",Evening Ride,15105.6,2931,3125,110.2,Ride,Ride,0,7122074179,2022-05-10T22:46:01Z,2022-05-10T18:46:01Z,(GMT-05:00) America/New_York,-14400.0,,,,0,0,0,1,0,"{'id': 'a7122074179', 'summary_polyline': '}yhoFlllaODx@FFp@@j@M`ARP_@RiDDuA?eEVwBHyB@wBI_EGkA]}C}@qDk@iEMuCLwHHuBQ}GWiCk@_CeAkAq@WcCMYMw@BAEToBR}@Dm@GaDIgMD_AGaDFs@My@L}GEOGaB[Y}COo@L}@`Au@ZkBK}B@i@`@SfA?x@YfAMJ[CWkAKcABkAICQZNv@?j@RlADJTJFR@^MRJf@GzA[~B]pA}AlCSr@C~@Pb@fBfAd@x@RRZ?ZOJHBGFb@QxA_AJg@Zc@x@]xAEh@e@|A[hBBPCrASh@Mx@@f@J^Xf@RL@LUb@Ol@[@SVK`@InBIHuAM_@[_@cKc@}CW{CCm@BuAGgAM{AYyAImCBWP]n@i@fAKZOh@uA`@iBD_Gm@yAh@}EMcBCmAL{Ah@oCj@eAd@m@Pa@F_@FoAA_CJoACC@F?qDRoC?gAG}DJmBR}ABwBb@_DBiCH_Ab@FJQL_JLO\\ExBmAR?BOb@@\\Wv@Gn@e@b@Ef@g@^KfB_ABIfAWhAa@`@a@f@Eb@Un@_@|Ak@fAw@c@b@mCtAi@RkBb@e@Vg@P}F`DwBx@sBpAm@DaBbAIt@SbHCRa@CKPErD_@|BCdC[hBEx@BfGOtE@hCBJIvCKlBYvAo@p@_@t@k@vBYdC@l@VjABl@Cj@g@tDH`@d@t@BnDKvBw@hCS^_@NuAF_@Ta@f@mAh@U\\Qr@Wb@mAMuCZIVAj@Mx@Qh@g@|@gAhDHb@f@f@b@lAb@p@nA|@xALr@CfCc@RQFSAm@s@cMScAa@w@Vy@\\o@`Ai@L@BD@fACdANn@TdBRjC@jDt@zFBrERrCN\\VRzADNYJgBNc@RM^CLK?SL[XYCS{@q@S}@Ho@`@o@NwCj@}Ad@iDl@cBjAa@NUAIJMFWCa@EIu@LIEiAyAyA{@Si@E]Hm@`@kAx@oA^cAZiBRiBB_CD]`@aARoCV]^KdEZp@AdBaBPCbC@z@BLJLlAF`C?dBMbBLjAKvJDR?|BF`DA|BF`Bc@|BMnAn@BnA^dAHrAb@p@n@h@`AVvAJnAPrEBxCUrJJlE^hCf@fBAOKYBUf@Yx@GLOCGDBKLg@Gq@VKNCXh@hC^vCJdCApBW~I?hBOhEBlAIlAK`@OFqCCYM?q@', 'resource_state': 2}",False,False,False,False,everyone,False,,"[39.371996177360415, -84.28247024305165]","[39.37198628671467, -84.28247476927936]",5.154,10.392,False,False,False,229.4,190.6,7582567967,7582567967,9019B948-04AE-4FDC-8246-517AD7E83CF5-activity.fit,False,0,0,False
